Name;KINARUS THERAPE - BOOK VALUE-OUT SHARES-FISCAL;ABB LTD - BOOK VALUE-OUT SHARES-FISCAL;AMS OSRAM - BOOK VALUE-OUT SHARES-FISCAL;PIERER MOBILITY AG - BOOK VALUE-OUT SHARES-FISCAL;ACCU HOLDING AG - BOOK VALUE-OUT SHARES-FISCAL;BANQUE CANTONALE - BOOK VALUE-OUT SHARES-FISCAL;SIKA AG - BOOK VALUE-OUT SHARES-FISCAL;ACINO INTERNAT - BOOK VALUE-OUT SHARES-FISCAL;ACTELION AG - BOOK VALUE-OUT SHARES-FISCAL;OC OERLIKON CORP - BOOK VALUE-OUT SHARES-FISCAL;ADDEX THERAPEUTICS - BOOK VALUE-OUT SHARES-FISCAL;BANK LINTH LLB AG - BOOK VALUE-OUT SHARES-FISCAL;ADECCO GROUP - BOOK VALUE-OUT SHARES-FISCAL;ZUGER KANTONALBANK - BOOK VALUE-OUT SHARES-FISCAL;SCHWEIZERISCHE - BOOK VALUE-OUT SHARES-FISCAL;ADVAL TECH HOLDING A - BOOK VALUE-OUT SHARES-FISCAL;GRAUBUENDNER KBK - BOOK VALUE-OUT SHARES-FISCAL;ADVANCED DIGITAL - BOOK VALUE-OUT SHARES-FISCAL;HYPOTHERBK LENZBURG - BOOK VALUE-OUT SHARES-FISCAL;AIRESIS SA - BOOK VALUE-OUT SHARES-FISCAL;BASELLAND KANTONALBK - BOOK VALUE-OUT SHARES-FISCAL;APG SGA SA - BOOK VALUE-OUT SHARES-FISCAL;ALLREAL HOLDING AG - BOOK VALUE-OUT SHARES-FISCAL;APTG AG - BOOK VALUE-OUT SHARES-FISCAL;BELIMO HOLDINGS AG - BOOK VALUE-OUT SHARES-FISCAL;CPH CHEMIE & PAPIER - BOOK VALUE-OUT SHARES-FISCAL;ALPHA PETROVISION - BOOK VALUE-OUT SHARES-FISCAL;CI COM SA - BOOK VALUE-OUT SHARES-FISCAL;ALSO HOLDING AG - BOOK VALUE-OUT SHARES-FISCAL;GEORG FISCHER AG - BOOK VALUE-OUT SHARES-FISCAL;VALORA HOLDING AG - BOOK VALUE-OUT SHARES-FISCAL;ARBONIA AG - BOOK VALUE-OUT SHARES-FISCAL;STADLER RAIL AG - BOOK VALUE-OUT SHARES-FISCAL;EVOLVA HOLDING - BOOK VALUE-OUT SHARES-FISCAL;ARYZTA AG - BOOK VALUE-OUT SHARES-FISCAL;BANQUE CANTON GENEVE - BOOK VALUE-OUT SHARES-FISCAL;CHAM GROUP AG - BOOK VALUE-OUT SHARES-FISCAL;PHOENIX MECANO AG - BOOK VALUE-OUT SHARES-FISCAL;ASCOM HOLDING AG - BOOK VALUE-OUT SHARES-FISCAL;VALARTIS GROUP AG - BOOK VALUE-OUT SHARES-FISCAL;ARUNDEL AG - BOOK VALUE-OUT SHARES-FISCAL;PANALPINA WEL - BOOK VALUE-OUT SHARES-FISCAL;SCHLATTER HOLDING AG - BOOK VALUE-OUT SHARES-FISCAL;ATHRIS HOLDING AG - BOOK VALUE-OUT SHARES-FISCAL;BACHEM HOLDING - BOOK VALUE-OUT SHARES-FISCAL;AUTONEUM HOLD - BOOK VALUE-OUT SHARES-FISCAL;STARRAG GROUP HOLD - BOOK VALUE-OUT SHARES-FISCAL;BALOISE HOLDING AG - BOOK VALUE-OUT SHARES-FISCAL;BUCHER INDUSTRIES AG - BOOK VALUE-OUT SHARES-FISCAL;ONE SWISS BANK SA - BOOK VALUE-OUT SHARES-FISCAL;LOEB HOLDING AG - BOOK VALUE-OUT SHARES-FISCAL;PAX-ANLAGE AG - BOOK VALUE-OUT SHARES-FISCAL;SGS SA - BOOK VALUE-OUT SHARES-FISCAL;BARRY CALLEBAUT - BOOK VALUE-OUT SHARES-FISCAL;VILLARS HOLDING SA - BOOK VALUE-OUT SHARES-FISCAL;WARTECK INVEST AG - BOOK VALUE-OUT SHARES-FISCAL;BASILEA PHARMACEUTIC - BOOK VALUE-OUT SHARES-FISCAL;ZWAHLEN & MAYR S.A. - BOOK VALUE-OUT SHARES-FISCAL;BASLER KANTONALBANK - BOOK VALUE-OUT SHARES-FISCAL;VON ROLL HOLDING - BOOK VALUE-OUT SHARES-FISCAL;MIKRON HOLDING AG - BOOK VALUE-OUT SHARES-FISCAL;BANQUE CANTONALE - BOOK VALUE-OUT SHARES-FISCAL;ORELL FUESSLI HOLD - BOOK VALUE-OUT SHARES-FISCAL;BANQUE CANT VAUDOISE - BOOK VALUE-OUT SHARES-FISCAL;FORBO HOLDING AG - BOOK VALUE-OUT SHARES-FISCAL;BERNER KANTO - BOOK VALUE-OUT SHARES-FISCAL;SWMTL HOLDING AG - BOOK VALUE-OUT SHARES-FISCAL;HIGHLIGHT EVENT AND - BOOK VALUE-OUT SHARES-FISCAL;RIETER HOLDING AG - BOOK VALUE-OUT SHARES-FISCAL;BELL FOOD GROUP AG - BOOK VALUE-OUT SHARES-FISCAL;ELMA ELECTRONIC AG - BOOK VALUE-OUT SHARES-FISCAL;BELLEVUE GROUP AG - BOOK VALUE-OUT SHARES-FISCAL;SWISS STEEL - BOOK VALUE-OUT SHARES-FISCAL;BFW LIEGENSCHAFTEN - BOOK VALUE-OUT SHARES-FISCAL;PRIVATE EQUITY HLDG - BOOK VALUE-OUT SHARES-FISCAL;BIOXELL S.P.A. - BOOK VALUE-OUT SHARES-FISCAL;BANK CA ST. GALLEN - BOOK VALUE-OUT SHARES-FISCAL;INTERROLL HOLDING AG - BOOK VALUE-OUT SHARES-FISCAL;BANK CLER AG - BOOK VALUE-OUT SHARES-FISCAL;VETROPACK AG - BOOK VALUE-OUT SHARES-FISCAL;GURIT HOLDING AG - BOOK VALUE-OUT SHARES-FISCAL;PERROT DUVAL HOLDING - BOOK VALUE-OUT SHARES-FISCAL;HUEGLI HOLDING AG - BOOK VALUE-OUT SHARES-FISCAL;SWISS PRIME SITE - BOOK VALUE-OUT SHARES-FISCAL;#ERROR;BKW AG - BOOK VALUE-OUT SHARES-FISCAL;PERROT DUVAL HOLDING - BOOK VALUE-OUT SHARES-FISCAL;KUONI REISEN HLD AG - BOOK VALUE-OUT SHARES-FISCAL;GOLDBACH GROUP AG - BOOK VALUE-OUT SHARES-FISCAL;BVZ HOLDING AG - BOOK VALUE-OUT SHARES-FISCAL;BOBST GROUP SA - BOOK VALUE-OUT SHARES-FISCAL;COMET HOLDING AG - BOOK VALUE-OUT SHARES-FISCAL;CICOR TECHNOLOGIES - BOOK VALUE-OUT SHARES-FISCAL;BONDPARTNERS SA - BOOK VALUE-OUT SHARES-FISCAL;SWISSCOM - BOOK VALUE-OUT SHARES-FISCAL;BOSSARD HOLDING AG - BOOK VALUE-OUT SHARES-FISCAL;BURCKHARDT COMP - BOOK VALUE-OUT SHARES-FISCAL;BURKHALTER - BOOK VALUE-OUT SHARES-FISCAL;SCHAFFNER HOLDING AG - BOOK VALUE-OUT SHARES-FISCAL;CALIDA HOLDING AG - BOOK VALUE-OUT SHARES-FISCAL;LASTMINUTE.COM NV - BOOK VALUE-OUT SHARES-FISCAL;SPICE PRIVATE - BOOK VALUE-OUT SHARES-FISCAL;CEMBRA MONEY BANK AG - BOOK VALUE-OUT SHARES-FISCAL;CHARLES VOG - BOOK VALUE-OUT SHARES-FISCAL;FEINTOOL INT HOLDING - BOOK VALUE-OUT SHARES-FISCAL;LIFEWATCH GMBH - BOOK VALUE-OUT SHARES-FISCAL;CHOCO LINDT & SPRUEN - BOOK VALUE-OUT SHARES-FISCAL;CIE FINANC TRADITION - BOOK VALUE-OUT SHARES-FISCAL;CHOCO LINDT & SPRUEN - BOOK VALUE-OUT SHARES-FISCAL;CIBA HOLDING AG - BOOK VALUE-OUT SHARES-FISCAL;CLARIANT AG - BOOK VALUE-OUT SHARES-FISCAL;GIVAUDAN SA - BOOK VALUE-OUT SHARES-FISCAL;COLTENE HOLDING - BOOK VALUE-OUT SHARES-FISCAL;SWISSQUOTE GROUP - BOOK VALUE-OUT SHARES-FISCAL;KOMAX HOLDING AG - BOOK VALUE-OUT SHARES-FISCAL;COSMO PHARMA - BOOK VALUE-OUT SHARES-FISCAL;SCHWEITER TECH AG - BOOK VALUE-OUT SHARES-FISCAL;INFRANOR INTER AG - BOOK VALUE-OUT SHARES-FISCAL;CREALOGIX HOLDING - BOOK VALUE-OUT SHARES-FISCAL;CARLO GAVAZZI AG - BOOK VALUE-OUT SHARES-FISCAL;CREDIT SUISSE GROUP - BOOK VALUE-OUT SHARES-FISCAL;BYSTRONIC - BOOK VALUE-OUT SHARES-FISCAL;INFICON HOLDING AG - BOOK VALUE-OUT SHARES-FISCAL;KUROS BIOSCIENCE - BOOK VALUE-OUT SHARES-FISCAL;ZURICH INSURANCE - BOOK VALUE-OUT SHARES-FISCAL;MOBIMO HOLDING AG - BOOK VALUE-OUT SHARES-FISCAL;DAETWYLER HOLDING AG - BOOK VALUE-OUT SHARES-FISCAL;DATACOLOR AG - BOOK VALUE-OUT SHARES-FISCAL;DOTTIKON ES HOLDING - BOOK VALUE-OUT SHARES-FISCAL;TX GROUP - BOOK VALUE-OUT SHARES-FISCAL;DUFRY AG - BOOK VALUE-OUT SHARES-FISCAL;DKSH HOLDING AG - BOOK VALUE-OUT SHARES-FISCAL;EDIPRESSE SA - BOOK VALUE-OUT SHARES-FISCAL;EDISUN POWER - BOOK VALUE-OUT SHARES-FISCAL;EFG INTERNATIONAL - BOOK VALUE-OUT SHARES-FISCAL;ST GALLER KANT - BOOK VALUE-OUT SHARES-FISCAL;FLUGHAFEN ZURICH AG - BOOK VALUE-OUT SHARES-FISCAL;TORNOS HOLDING AG - BOOK VALUE-OUT SHARES-FISCAL;EMMI AG - BOOK VALUE-OUT SHARES-FISCAL;LUZERNER KANTONAL - BOOK VALUE-OUT SHARES-FISCAL;EMS-CHEMIE HOLDING - BOOK VALUE-OUT SHARES-FISCAL;LEONTEQ AG - BOOK VALUE-OUT SHARES-FISCAL;DORMAKABA HOLDING - BOOK VALUE-OUT SHARES-FISCAL;NOVARTIS - BOOK VALUE-OUT SHARES-FISCAL;SYNGENTA AG - BOOK VALUE-OUT SHARES-FISCAL;ROCHE HOLDING AG - BOOK VALUE-OUT SHARES-FISCAL;TECAN GROUP AG - BOOK VALUE-OUT SHARES-FISCAL;ENERGIEDIENST HLDG - BOOK VALUE-OUT SHARES-FISCAL;VIFOR PHARMA AG - BOOK VALUE-OUT SHARES-FISCAL;GAM HOLDING AG - BOOK VALUE-OUT SHARES-FISCAL;HOLCI - BOOK VALUE-OUT SHARES-FISCAL;GEBERIT AG - BOOK VALUE-OUT SHARES-FISCAL;THE SWATCH GROUP - BOOK VALUE-OUT SHARES-FISCAL;MYRIAD GROUP - BOOK VALUE-OUT SHARES-FISCAL;THE SWATCH GROUP - BOOK VALUE-OUT SHARES-FISCAL;AEVIS VICTORIA - BOOK VALUE-OUT SHARES-FISCAL;GROUPE MINOTERIES SA - BOOK VALUE-OUT SHARES-FISCAL;KUDELSKI SA - BOOK VALUE-OUT SHARES-FISCAL;STRAUMANN HOLDING AG - BOOK VALUE-OUT SHARES-FISCAL;LUMX GROUP LTD - BOOK VALUE-OUT SHARES-FISCAL;VONTOBEL HOLDING AG - BOOK VALUE-OUT SHARES-FISCAL;GLARNER KANT - BOOK VALUE-OUT SHARES-FISCAL;TEMENOS AG - BOOK VALUE-OUT SHARES-FISCAL;HELVETIA HOLDING - BOOK VALUE-OUT SHARES-FISCAL;GLOBAL NATURAL RES - BOOK VALUE-OUT SHARES-FISCAL;HOCHDORF HOLDING AG - BOOK VALUE-OUT SHARES-FISCAL;SONOVA HOLDING AG - BOOK VALUE-OUT SHARES-FISCAL;GOLAY BUCHEL HOLDING - BOOK VALUE-OUT SHARES-FISCAL;GOLAY BUCHEL HOLDING - BOOK VALUE-OUT SHARES-FISCAL;HUBER+SUHNER AG - BOOK VALUE-OUT SHARES-FISCAL;HIAG IMMOBILIEN - BOOK VALUE-OUT SHARES-FISCAL;LONZA GROUP AG - BOOK VALUE-OUT SHARES-FISCAL;SKAN GROUP AG - BOOK VALUE-OUT SHARES-FISCAL;IMPLENIA AG - BOOK VALUE-OUT SHARES-FISCAL;SIEGFRIED HOLDING AG - BOOK VALUE-OUT SHARES-FISCAL;HARWANNE CIE - BOOK VALUE-OUT SHARES-FISCAL;VALIANT HOLDING - BOOK VALUE-OUT SHARES-FISCAL;SWISS LIFE HOLDING - BOOK VALUE-OUT SHARES-FISCAL;INTERSHOP HOLDING AG - BOOK VALUE-OUT SHARES-FISCAL;JUNGFRAUBAHN - BOOK VALUE-OUT SHARES-FISCAL;INTL MINERALS CORP - BOOK VALUE-OUT SHARES-FISCAL;PSP SWISS PROPERTY - BOOK VALUE-OUT SHARES-FISCAL;IVF HARTMANN HLDG - BOOK VALUE-OUT SHARES-FISCAL;JULIUS BAER - BOOK VALUE-OUT SHARES-FISCAL;YPSOMED HOLDING AG - BOOK VALUE-OUT SHARES-FISCAL;WAADT VERSICHERUNGEN - BOOK VALUE-OUT SHARES-FISCAL;KARDEX HOLDING - BOOK VALUE-OUT SHARES-FISCAL;JELMOLI HOLDING AG - BOOK VALUE-OUT SHARES-FISCAL;MICRONAS SEM - BOOK VALUE-OUT SHARES-FISCAL;LEM HOLDING SA - BOOK VALUE-OUT SHARES-FISCAL;SWISSLOG HOLDING AG - BOOK VALUE-OUT SHARES-FISCAL;PARGESA HOLDING SA - BOOK VALUE-OUT SHARES-FISCAL;KUEHNE UND NAG - BOOK VALUE-OUT SHARES-FISCAL;LECLANCHE SA - BOOK VALUE-OUT SHARES-FISCAL;PARTNERS GR - BOOK VALUE-OUT SHARES-FISCAL;SCHINDLER HOLDING AG - BOOK VALUE-OUT SHARES-FISCAL;LIECHTENSTEIN LANDBK - BOOK VALUE-OUT SHARES-FISCAL;SCHINDLER HOLDING AG - BOOK VALUE-OUT SHARES-FISCAL;#ERROR;MOBILEZONE HOLDING - BOOK VALUE-OUT SHARES-FISCAL;LENZERHEIDE BERGBA - BOOK VALUE-OUT SHARES-FISCAL;LOGITECH INTERNAT - BOOK VALUE-OUT SHARES-FISCAL;NORINVEST HOLDING - BOOK VALUE-OUT SHARES-FISCAL;ROMANDE ENERGIE - BOOK VALUE-OUT SHARES-FISCAL;LOOSER HOLDING AG - BOOK VALUE-OUT SHARES-FISCAL;SANTHERA PHARMA - BOOK VALUE-OUT SHARES-FISCAL;MCH GROUP AG - BOOK VALUE-OUT SHARES-FISCAL;REPOWER AG - BOOK VALUE-OUT SHARES-FISCAL;LO HLDG LAUSANNE-OUC - BOOK VALUE-OUT SHARES-FISCAL;METALL ZUG AG - BOOK VALUE-OUT SHARES-FISCAL;MEYER BURGER TECH - BOOK VALUE-OUT SHARES-FISCAL;MINDSET HOLDING AG - BOOK VALUE-OUT SHARES-FISCAL;VZ HOLDING AG - BOOK VALUE-OUT SHARES-FISCAL;SF URBAN PROP - BOOK VALUE-OUT SHARES-FISCAL;U-BLOX HOLDING AG - BOOK VALUE-OUT SHARES-FISCAL;LALIQUE GROUP - BOOK VALUE-OUT SHARES-FISCAL;ORASCOM DEVELOPMENT - BOOK VALUE-OUT SHARES-FISCAL;TECHNOMAG AG - BOOK VALUE-OUT SHARES-FISCAL;SCHWEIZERISCHE NAT - BOOK VALUE-OUT SHARES-FISCAL;SULZER AG - BOOK VALUE-OUT SHARES-FISCAL;NESTLE SA - BOOK VALUE-OUT SHARES-FISCAL;BB BIOTECH AG - BOOK VALUE-OUT SHARES-FISCAL;NEWAVE ENERGY HOLD - BOOK VALUE-OUT SHARES-FISCAL;NEWRON PHARMA - BOOK VALUE-OUT SHARES-FISCAL;ZUBLIN IMMOBILIEN - BOOK VALUE-OUT SHARES-FISCAL;NOBEL BIOCARE HLDG - BOOK VALUE-OUT SHARES-FISCAL;ZUR ROSE GROUP AG - BOOK VALUE-OUT SHARES-FISCAL;FUNDAMENTA REAL - BOOK VALUE-OUT SHARES-FISCAL;RELIEF THERAPEUT - BOOK VALUE-OUT SHARES-FISCAL;ORIDION SYSTEMS - BOOK VALUE-OUT SHARES-FISCAL;ORIOR AG - BOOK VALUE-OUT SHARES-FISCAL;SPEXIS AG - BOOK VALUE-OUT SHARES-FISCAL;PEACH PROPERTY - BOOK VALUE-OUT SHARES-FISCAL;POENINA HOLDING AG - BOOK VALUE-OUT SHARES-FISCAL;PETROPLUS HOLDINGS - BOOK VALUE-OUT SHARES-FISCAL;PRECIOUS WOODS HLDG - BOOK VALUE-OUT SHARES-FISCAL;PUBLIGROUPE SA - BOOK VALUE-OUT SHARES-FISCAL;SWISS RE - BOOK VALUE-OUT SHARES-FISCAL;COMPAGNIE FINAN - BOOK VALUE-OUT SHARES-FISCAL;UBS AG - BOOK VALUE-OUT SHARES-FISCAL;ZUG ESTATES - BOOK VALUE-OUT SHARES-FISCAL;EDMOND DE ROTHSCHILD - BOOK VALUE-OUT SHARES-FISCAL;MEIER T - BOOK VALUE-OUT SHARES-FISCAL;NOVAVEST REAL - BOOK VALUE-OUT SHARES-FISCAL;QUADRANT AG - BOOK VALUE-OUT SHARES-FISCAL;TIDER AG - BOOK VALUE-OUT SHARES-FISCAL;BANK J SAFRA - BOOK VALUE-OUT SHARES-FISCAL;GATEGROUP HOLDING AG - BOOK VALUE-OUT SHARES-FISCAL;THURGAUER KANTONAL - BOOK VALUE-OUT SHARES-FISCAL;SHL TELEMEDICINE - BOOK VALUE-OUT SHARES-FISCAL;SFS GROUP AG - BOOK VALUE-OUT SHARES-FISCAL;TRANSOCEAN LTD - BOOK VALUE-OUT SHARES-FISCAL;BERGBAHNEN TITLIS AG - BOOK VALUE-OUT SHARES-FISCAL;UBS GROUP AG - BOOK VALUE-OUT SHARES-FISCAL;MOLECULAR PARTNERS - BOOK VALUE-OUT SHARES-FISCAL;SNOWCLIFF LTD - BOOK VALUE-OUT SHARES-FISCAL;SOCIETA ELETTRICA - BOOK VALUE-OUT SHARES-FISCAL;ZEHNDER GROUP AG - BOOK VALUE-OUT SHARES-FISCAL;SUNRISE COMMUN - BOOK VALUE-OUT SHARES-FISCAL;PLAZZA AG - BOOK VALUE-OUT SHARES-FISCAL;VARIA US PROP - BOOK VALUE-OUT SHARES-FISCAL;VAT GROUP - BOOK VALUE-OUT SHARES-FISCAL;SUNSTAR HOLDING AG - BOOK VALUE-OUT SHARES-FISCAL;WISEKEY INTERN - BOOK VALUE-OUT SHARES-FISCAL;BLACK - BOOK VALUE-OUT SHARES-FISCAL;INVESTIS HOLDING SA - BOOK VALUE-OUT SHARES-FISCAL;SIA ABRASIVES - BOOK VALUE-OUT SHARES-FISCAL;OBSEVA SA - BOOK VALUE-OUT SHARES-FISCAL;GALENICA AG - BOOK VALUE-OUT SHARES-FISCAL;#ERROR;IDORSIA LTD - BOOK VALUE-OUT SHARES-FISCAL;SYNTHES INC - BOOK VALUE-OUT SHARES-FISCAL;LANDIS+GYR GROUP AG - BOOK VALUE-OUT SHARES-FISCAL;MEDARTIS HOLDING AG - BOOK VALUE-OUT SHARES-FISCAL;ASMALLWORLD AG - BOOK VALUE-OUT SHARES-FISCAL;SENSIRION HOLDING AG - BOOK VALUE-OUT SHARES-FISCAL;KLINGELNBERG AG - BOOK VALUE-OUT SHARES-FISCAL;ALCON AG - BOOK VALUE-OUT SHARES-FISCAL;SIG GROUP AG - BOOK VALUE-OUT SHARES-FISCAL;ALUFLEXPA - BOOK VALUE-OUT SHARES-FISCAL;USTER TECH - BOOK VALUE-OUT SHARES-FISCAL;TEC-SEM - BOOK VALUE-OUT SHARES-FISCAL;VICTORIA-JUNGFRAU - BOOK VALUE-OUT SHARES-FISCAL;VP BANK AG - BOOK VALUE-OUT SHARES-FISCAL;MEDACTA GROUP SA - BOOK VALUE-OUT SHARES-FISCAL;CASSIOPEA - BOOK VALUE-OUT SHARES-FISCAL;CEVA LOGIS - BOOK VALUE-OUT SHARES-FISCAL;SOFTWAREONE HOLDING - BOOK VALUE-OUT SHARES-FISCAL;WEATHERFORD INTERNTL - BOOK VALUE-OUT SHARES-FISCAL;ACHIKO AG - BOOK VALUE-OUT SHARES-FISCAL;INA INVEST - BOOK VALUE-OUT SHARES-FISCAL;V-ZUG HOLDING AG - BOOK VALUE-OUT SHARES-FISCAL;POLYPEPTIDE - BOOK VALUE-OUT SHARES-FISCAL;MONTANA AER - BOOK VALUE-OUT SHARES-FISCAL;WINTERTHUR TECH - BOOK VALUE-OUT SHARES-FISCAL;MEDMIX AG - BOOK VALUE-OUT SHARES-FISCAL
2000;39,078;5,584;1,494;54,579;76;20,931;5,709;98,947;2,532;15,978;NA;288,721;12,892;1270,86;15980;227,88;1835,97;NA;2246,431;13,849;1200,92;68,392;77,409;50,054;5,896;97,641;NA;3,242;22,682;16,113;198,544;25,335;NA;NA;NA;92,973;327,562;246,423;33,765;70,879;1311,112;NA;215,431;NA;4,132;NA;31,413;62,906;48,392;4,455;461,394;529,422;138,17;128,65;261,552;1112,297;NA;363,689;119,131;13,367;152,117;30,832;57,601;39,472;383,377;89,545;99,561;21,012;221,112;59,175;227,783;17,205;1,457;NA;305,972;NA;407,86;80,738;39,593;10,203;50,847;200,618;82,348;46,919;$$ER: E100,NO WORLDSCOPE DATA FOR THIS CODE;13,879;200,618;289,303;NA;356,281;52,333;11,755;80,556;800,537;110,251;23,972;NA;NA;99,4;19,617;NA;123,771;NA;48,463;37,476;20,321;2276,556;24,692;2276,556;56,82;20,726;303,749;NA;5,223;34,638;NA;89,745;30,329;24,036;174,114;27,104;324,485;76,436;NA;245,212;NA;39,024;645,365;NA;35,054;NA;NA;221,633;NA;NA;200,058;37,923;70,275;NA;575,089;41,481;NA;46,849;14,141;66,977;33,099;10,801;21,738;54,091;12,655;6,1;11,782;49,755;NA;49,755;0,937;102,519;13,498;0,742;NA;12,704;NA;0,293;74,59;4,129;NA;2,902;2716,525;2716,525;21,022;NA;29,657;NA;NA;111,724;3,205;67,264;248,224;176,992;47,67;0,56;42,717;10,372;NA;NA;186,902;29,753;724,096;10,32;59,849;6,96;60,859;7,666;24,147;NA;9,93;33,088;9,93;$$ER: E100,NO WORLDSCOPE DATA FOR THIS CODE;2,19;NA;1,808;NA;517,72;NA;NA;20,962;46,815;395,03;964,319;NA;53,774;NA;NA;NA;NA;NA;217,049;38,556;77,492;7,697;31,269;NA;NA;704,34;2,063;NA;NA;NA;NA;NA;NA;NA;NA;NA;142,015;203,52;58,936;19,204;15,601;NA;5973,225;13,516;NA;63,59;40,315;12,1;NA;NA;34,804;NA;27,163;5,672;15,601;NA;5,143;119,013;15,141;NA;NA;NA;NA;1080,5;NA;NA;NA;158,738;NA;NA;$$ER: E100,NO WORLDSCOPE DATA FOR THIS CODE;NA;15,503;NA;NA;NA;NA;NA;NA;142,682;NA;NA;23,762;208,186;88,036;NA;NA;NA;NA;3,043;NA;NA;NA;NA;NA;NA;NA
2001;3,372;2,411;1,906;28,796;85,096;21,254;5,602;90,905;1,858;17,755;NA;296,148;9,598;1302,213;15990;239,572;1887,943;NA;2358,361;5,394;1263,174;70,545;84,513;45,079;7,008;97,73;NA;NA;24,09;15,095;224,051;20,459;NA;NA;NA;88,476;320,797;240,647;18,454;55,044;972,952;NA;191,451;NA;4,527;NA;33,149;70,473;50,627;4,59;485,577;646,578;123,382;138,021;295,429;1123,557;NA;392,308;111,226;7,217;84,65;31,672;56,566;30,117;296,952;96,699;95,494;23,761;197,898;68,541;191,148;22,975;1,479;NA;293,078;NA;408,574;80,707;39,427;10,679;40,916;148,145;96,684;50,478;;34,554;148,145;192,632;NA;360,168;44,638;11,763;88,991;808,767;157,633;20,917;NA;NA;102,905;11,947;NA;107,898;NA;43,779;38,165;21,651;2467,868;31,13;2467,868;59,085;11,413;319,759;NA;3,89;37,007;NA;101,025;19,641;53,383;183,823;20,277;338,81;85,977;110869,576;230,205;NA;39,957;604,47;NA;33,035;NA;NA;210,629;NA;NA;210,489;34,676;58,958;NA;106,015;50,955;NA;-33,281;16,578;67,401;34,537;14,006;22,751;55,516;12,134;6,422;13,086;55,884;NA;55,884;1,068;108,807;10,936;0,954;NA;13,679;NA;3,124;40,521;0,862;NA;5,013;2580,2;2580,2;17,233;NA;28,152;NA;NA;125,009;3,202;71,71;284,838;138,133;49,728;0,524;47,239;13,682;NA;NA;120,539;38,675;1082,683;11,337;65,391;6,193;81,403;8,525;23,121;NA;10,466;25,824;10,466;;0,94;NA;2,518;NA;514,247;NA;NA;22,718;49,515;405,319;1019,651;NA;28,938;NA;NA;NA;NA;NA;208,36;36,188;34,286;8,681;25,683;NA;NA;764,671;2,423;NA;NA;NA;NA;NA;NA;NA;NA;NA;50,449;93,687;62,763;21,339;15,604;NA;6389,468;14,846;NA;99,21;34,113;12,756;NA;NA;39,338;NA;48,916;5,824;15,604;NA;6,576;124,499;17,379;NA;NA;NA;NA;1084,66;NA;NA;NA;169,435;NA;NA;;NA;15,652;NA;NA;NA;NA;NA;NA;142,373;NA;NA;10,434;217,703;90,046;NA;NA;NA;NA;3,884;NA;NA;NA;NA;NA;NA;NA
2002;6,905;1,004;0,99;28,175;54,671;22,091;5,307;87,63;1,444;15,761;NA;302,687;10,429;1333,6;26007;239,316;217,103;NA;2475,542;1,974;1254,836;70,692;88,147;45,259;7,492;97,883;NA;2,316;26,721;13,788;246,237;21,326;NA;NA;NA;85,236;350,877;171,428;7,017;45,421;1280,968;27,181;155,128;NA;4,636;NA;34,329;56,275;44,896;4,614;497,024;828,978;115,034;130,657;304,838;1154,088;25,076;416,225;21,584;0,47;4,349;32,224;38,357;10,379;311,829;103,887;49,523;26,206;189,44;75,755;144,55;23,897;1,488;NA;201,108;NA;424,894;81,042;39,618;11,551;41,653;77,809;111,167;48,99;;38,004;77,809;180,858;NA;361,114;44,728;12,584;81,966;820,986;107,963;21,349;NA;NA;84,589;10,91;NA;88,297;NA;43,297;32,99;10,172;2759,738;32,314;2759,738;63,158;5,425;308,023;NA;2,696;38,8;NA;75,106;5,031;54,5;136,863;18,632;352,041;76,318;1607,76;140,424;NA;37,631;581,955;NA;34,816;NA;NA;201,006;NA;NA;222,447;34,097;6,12;NA;109,742;45,699;NA;-26,636;16,033;59,162;24,788;13,858;25,862;55,123;12,527;5,521;15,239;60,638;0,831;60,638;0,921;108,672;10,909;1,22;NA;14,276;NA;1,389;30,451;1,032;NA;5,545;2527,1;2527,1;12,993;NA;24,148;NA;NA;135,577;2,694;78,345;157,911;116,956;51,591;0,527;50,584;14,033;NA;NA;93,177;37,73;1199,642;17,052;54,827;3,453;58,354;7,578;18,152;NA;8,385;25,255;8,385;;0,447;NA;2,964;NA;620,764;NA;NA;23,127;57,484;876,154;1085,22;NA;-5,202;NA;NA;NA;NA;NA;205,519;25,241;35,429;8,999;13,725;NA;NA;803,284;2,457;NA;NA;NA;NA;NA;NA;NA;NA;NA;43,872;140,038;53,936;20,989;14,958;NA;6811,917;12,823;NA;75,914;18,831;11,57;NA;NA;40,39;NA;31,978;7,514;14,958;NA;6,805;104,953;16,626;NA;NA;NA;NA;1058,84;NA;NA;NA;165,65;NA;NA;;NA;15,99;NA;NA;NA;NA;NA;NA;131,752;NA;NA;4,995;220,823;94,635;NA;NA;NA;NA;4,092;NA;NA;NA;NA;NA;5,653;NA
2003;6,083;1,85;1;23,985;45,231;23,134;5,644;91,108;0,501;15,897;NA;312,257;12,904;1420,261;29013;226,467;224,103;11,601;2602,847;0,798;1274,678;71,98;88,599;41,662;8,463;100,142;NA;1,979;26,52;12,614;200,109;21,836;NA;NA;NA;88,605;367,516;207,229;5,639;49,763;148,563;29,487;56,394;NA;4,914;NA;34,714;57,543;49,605;4,707;499,498;521,639;137,533;143,028;322,28;1183,978;17,1;443,177;51,366;0,867;12,965;32,735;45,738;10,424;316,609;110,047;43,775;28,727;213,138;86,425;139,123;27,373;1,655;NA;56,947;3,862;432,347;89,927;41,478;13,607;42,401;81,336;136,441;49,326;;42,089;81,336;191,134;NA;408,344;45,683;12,325;51,917;852,009;115,844;21,535;NA;NA;71,647;11,375;NA;96,274;NA;51,013;31,832;4,532;3345,054;33,253;3345,054;62,642;6,968;309,769;NA;3,138;44,756;NA;85,748;6,769;55,842;126,63;23,127;356,062;67,566;1265,277;150,708;135,253;39,011;557,241;NA;31,882;NA;NA;249,543;NA;NA;235,699;32,698;5,934;114,628;114,419;51,091;NA;-18,593;15,29;61,62;27,531;10,002;26,123;4,911;11,999;29,301;18,049;68,223;2,711;68,223;0,8;120,053;3,704;1,639;NA;15,745;NA;1,506;33,688;0,87;NA;4,452;2477,775;2477,775;13,271;NA;24,145;NA;NA;145,952;3,174;80,582;176,256;196,056;52,047;0,529;51,017;14,649;NA;NA;104,995;40,512;1325,558;25,642;47,417;-4,408;72,13;8,733;18,169;1,225;9,441;27,221;9,441;;0,736;NA;2,723;NA;785,398;NA;NA;23,297;69,174;942,031;1183,528;NA;-14,684;NA;NA;NA;NA;NA;215,194;28,566;36,634;9,506;14,932;NA;2,291;897,282;3,469;NA;NA;NA;4,365;NA;NA;NA;NA;NA;51,96;159,914;56,123;13,368;14,707;NA;7245,202;10,659;NA;75,384;11,262;12,586;NA;NA;35,77;NA;32,136;8,07;14,707;NA;7,987;110,453;20,01;NA;NA;NA;NA;1038,82;NA;NA;NA;174,708;NA;NA;;NA;16,157;NA;NA;NA;NA;NA;NA;131,784;NA;NA;4,719;219,752;125,943;NA;NA;NA;NA;5,156;NA;NA;NA;NA;NA;6,669;NA
2004;4,503;1,55;1,383;27,605;23,437;24,252;6,141;92,744;1,424;12,087;NA;320,465;14,64;1451,954;216379;251,059;229,486;1,72;2733,278;1,324;1321,44;73,257;88,798;40,529;9,748;102,481;NA;0,453;29,477;13,881;182,872;20,145;NA;NA;NA;93,173;365,537;225,215;6,842;46,566;2870,857;31,873;42,867;NA;5,117;NA;23,316;60,734;53,219;5,439;477,925;560,078;158,128;151,999;348,192;1212,446;28,397;464,558;57,228;0,934;12,637;33,792;54,184;11,676;219,674;115,287;18,135;30,473;234,779;92,051;149,25;25,569;2,006;NA;49,08;8,157;446,022;101,591;42,446;15,369;42,406;88,882;136,73;49,369;;44,793;88,882;204,308;NA;412,951;47,496;12,885;35,772;866,798;108,669;22,667;NA;NA;76,131;12,334;NA;113,6;NA;54,681;29,856;4,051;3806,926;35,033;3806,926;62,76;9,699;296,819;NA;3,616;49,983;NA;105,966;9,252;56,581;136,558;29,895;372,777;70,256;1196,629;158,786;142,509;40,462;629,718;NA;36,697;3,594;NA;219,582;NA;NA;249,771;31,362;6,297;119,037;120,551;41,223;NA;-6,772;15,87;61,381;32,723;9,736;27,449;5,226;13,004;32,767;21,273;73,683;1,717;73,683;0,514;135,847;5,453;1,994;NA;17,183;NA;1,732;34,283;0,732;NA;5,333;2010,475;2010,475;14,607;NA;25,122;NA;NA;142,204;2,99;87,089;191,167;207,771;53,367;0,765;51,799;15,447;NA;14,131;109,53;40,212;1480,669;29,346;47,697;0,344;79,998;7,364;17,938;2,205;11,133;29,665;11,133;;1,074;NA;3,217;NA;929,103;NA;NA;23,589;100,889;1166,848;1329,7;NA;-18,995;NA;NA;18,323;NA;NA;224,056;25,831;37,04;10,125;16,064;NA;0,292;908,861;4,271;NA;NA;NA;2,981;NA;NA;NA;NA;8,151;37,983;159,011;58,543;14,183;15,199;NA;8290,753;9,412;NA;77,976;4,719;13,603;NA;NA;32,836;NA;32,864;8,587;15,199;NA;9,01;115,136;22,539;NA;NA;NA;NA;1056,1;NA;NA;NA;189,714;NA;NA;;NA;22,752;NA;NA;NA;NA;NA;NA;88,227;NA;NA;4,134;221,753;135,442;NA;NA;NA;NA;6,08;NA;NA;NA;NA;NA;8,339;NA
2005;2,386;2,226;1,672;29,835;24,843;25,521;7,134;85,181;2,855;11,292;NA;332,978;17,709;1490,07;128462;243,666;236,805;19,077;2902,736;1,381;1038,159;73,555;94,01;29,407;10,824;113,092;NA;5,128;31,789;16,172;159,239;24,628;NA;NA;NA;99,245;433,486;203,967;10,791;34,177;139,805;34,38;83,533;NA;5,618;NA;24,715;67,364;64,33;5,523;470,201;609,711;188,454;162,102;388,552;1218,177;22,574;504,016;64,263;1,004;11,764;34,918;49,143;13,871;211,891;111,766;18,898;16,811;261,319;97,221;168,435;28,379;2,872;NA;45,396;6,337;428,449;121,378;45,164;18,187;39,624;64,527;174,214;51,273;;51,846;64,527;179,02;NA;396,38;45,941;14,157;51,386;895,062;105,807;25,369;50,876;NA;75,485;14,032;NA;138,023;NA;62,364;33,538;4,57;4421,004;36,563;4421,004;58,729;11,185;316,22;27,882;4,732;54,636;NA;114,09;6,529;59,768;142,516;34,264;415,038;83,001;995,382;184,392;147,15;42,593;641,467;19,502;43,031;25,429;NA;267,849;NA;13,022;269,545;32,773;7,405;122,163;127,739;43,732;NA;6,377;18,534;71,691;40,486;12,54;30,739;4,964;28,341;42,904;23,418;81,066;4,777;81,066;0,212;148,371;7,028;2,687;NA;18,765;NA;2,396;53,677;0,679;NA;6,783;2051,15;2051,15;17,111;NA;29,134;7,934;696,097;155,829;3,165;92,632;193,052;223,31;55,452;0,739;53,275;16,188;NA;31,483;132,84;36,766;1601,339;31,19;47,56;0,404;103,554;13,618;18,141;5,87;14,17;50,92;14,17;;1,21;NA;3,556;NA;1042,563;NA;NA;23,36;170,233;971,426;1496,884;NA;1,386;NA;NA;44,442;8,284;NA;205,479;26,038;41,733;12,839;18,059;NA;2,924;802,702;4,418;NA;NA;NA;3,269;NA;NA;NA;NA;5,541;61,142;235,744;68,03;16,758;20,022;NA;8900,501;12,781;NA;98,841;6,037;16,085;NA;NA;17,194;NA;35,131;8,666;20,022;NA;9,762;119,067;25,871;NA;NA;NA;NA;1085,88;NA;NA;NA;211,609;NA;NA;;NA;27,356;NA;NA;NA;NA;NA;NA;104,399;NA;NA;4,234;211,665;154,184;NA;NA;NA;NA;8,163;NA;NA;NA;NA;NA;16,306;NA
2006;1,024;3,381;2,092;31,324;22,29;26,628;8,297;95,969;5,037;15,661;NA;345,51;21,473;1531,867;215437;243,175;217,197;16,683;3090,333;0,962;1091,074;78,925;99,372;16,178;12,392;119,644;NA;4,094;33,601;17,109;173,683;29,07;NA;NA;NA;106,508;410,012;251,451;6,165;42,081;181,018;39,065;92,897;NA;5,887;NA;33,455;77,469;72,568;5,264;485,723;665,067;205,003;194,692;413,486;1213,371;14,425;518,974;71,859;1,123;11,968;36,358;60,032;17,805;247,788;118,065;19,699;17,949;289,762;104,254;184,225;35,541;3,33;NA;42,463;12,378;443,088;143,823;47,46;18,674;68,189;67,509;204,707;52,4;;56,079;67,509;183,828;NA;457,516;50,781;14,262;56,607;931,042;85,634;25,952;75,318;NA;84,223;14,999;NA;160,63;NA;57,661;35,656;4,341;5224,12;41,996;5224,12;47,614;10,47;368,284;31,97;6,574;60,302;2,56;133,17;8,528;64,636;158,04;37,557;443,07;80,665;606,13;211,128;169,442;46,548;693,313;20,585;50,314;31,732;NA;306,114;NA;14,411;297,655;40,113;8,625;127,494;135,592;46,433;NA;19,025;21,376;70,949;45,729;15,925;34,489;6,158;30,949;51,92;26,937;89,864;1,688;89,864;4,147;160,176;9,407;3,256;NA;20,161;NA;2,883;60,753;0,68;NA;9,42;2192,875;2192,875;20,025;NA;31,434;6,54;20,288;161,516;3,843;98,043;217,519;225,073;57,495;1,167;56,253;17,065;16,001;35,612;150,785;15,942;1865,293;30,799;58,015;0,569;153,186;16,73;9,745;10,705;16,748;50,592;16,748;;1,402;32,143;4,888;NA;1275,84;40,102;49,061;26,586;190,719;1038,649;1681,094;0,229;0,529;NA;NA;60,569;9,44;NA;210,26;29,022;44,345;13,289;20,729;NA;11,659;816,47;4,667;NA;NA;NA;4,494;NA;NA;NA;NA;28,68;61,658;253,656;76,584;18,89;22,768;NA;10312,33;14,66;NA;101,77;6,375;16,886;NA;NA;11,567;NA;33,411;9,822;22,768;NA;12,068;124,265;28,289;NA;NA;NA;NA;1106,96;NA;NA;NA;236,437;NA;NA;;NA;34,836;NA;NA;NA;NA;NA;NA;115,263;NA;NA;3,971;227,488;170,173;NA;NA;NA;NA;9,086;NA;NA;NA;NA;NA;19,73;NA
2007;-0,044;5,413;2,444;17,07;18,002;28,249;9,769;102,13;5,525;18,186;24,418;360,956;26,063;1582,131;261492;257,027;230,601;15,483;3311,111;0,761;1142,202;103,617;105,287;19,433;11,234;120,835;NA;2,785;35,715;18,593;181,974;37,36;NA;NA;NA;114,434;435,036;290,598;4,825;49,398;181,79;41,288;108,322;NA;5,392;NA;38,266;86,625;86,867;4,76;487,987;730,16;258,357;205,624;451,533;1215,767;35,248;553,319;77,138;2,769;12,437;37,79;70,307;29,135;290,66;131,636;21,547;19,55;303,789;113,797;194,216;44,019;4,297;16,358;74,051;10,268;456,739;163,888;50,139;23,62;66,315;100,945;237,262;55,669;;58,349;100,945;196,859;15,786;486;56,856;17,308;62,837;936,892;107,602;29,088;31,021;NA;84,368;17,019;NA;182,135;NA;62,078;37,376;3,16;6195,156;47,456;6195,156;49,385;10,218;351,041;35,569;8,876;67,951;2,533;158,513;12,273;65,68;140,206;38,75;514,797;73,285;597,523;226,661;177,644;58,851;728,503;21,174;66,121;33,659;NA;315,532;NA;15,399;308,131;44,762;10,805;130,945;143,833;52,427;NA;54,335;24,673;71,848;52,572;18,101;38,938;7,461;30,851;62,242;35,358;98,551;2,061;98,551;4,054;177,156;9,974;3,978;0,491;22,109;NA;3,447;65,216;1,18;146,599;13,285;2429,325;2429,325;22,417;NA;35,204;7,238;21,725;173,012;4,58;101,512;285,674;237,952;59,848;1,225;59,707;18,997;15,848;34,752;180,483;21,958;3386,418;12,934;53,918;0,622;179,241;19,964;12,208;14,576;16,313;55,407;16,313;;1,615;33,038;5,621;NA;1637,566;57,259;43,45;30,167;209,313;1211,038;1787,503;0,315;3,705;2,29;NA;15,633;11,974;22,919;213,452;28,724;45,986;13,842;17,786;19,106;9,838;880,552;3,658;NA;NA;NA;8,828;NA;NA;NA;NA;38,169;69,733;250,639;80,29;21,697;16,522;NA;11828,422;17,521;NA;115,54;6,458;20,494;NA;NA;21,891;NA;39,613;10,846;16,522;NA;14,03;130,184;27,436;NA;NA;NA;NA;1149,88;NA;NA;NA;247,87;NA;NA;;NA;39,07;NA;NA;NA;NA;NA;NA;NA;NA;22,157;4,322;245,461;179,95;NA;NA;NA;NA;10,921;NA;NA;NA;NA;NA;35,282;NA
2008;0,015;5,216;2,42;15,695;16,048;30,032;9,831;105,774;6,771;11,802;20,746;374,26;23,828;1655,661;181508;328,212;248,006;15,563;3533,139;0,531;1254,688;73,894;105,158;7,074;12,252;122,126;NA;2,808;29,827;16,874;173,371;36,924;NA;0,117;NA;119,795;391,22;285,512;4,271;48,507;129,994;36,544;96,504;1252,988;5,584;NA;43,413;88,318;83,843;4,718;491,084;827,769;244,198;228,177;476,057;1227,012;20,864;526,239;79,575;2,359;11,529;37,873;87,163;28,621;261,977;132,198;19,772;19,007;165,411;119,487;145,096;40,872;3,985;30,281;83,179;7,837;460,246;170,011;52,33;24,874;53,909;102,509;243,322;57,343;;58,634;102,509;193,875;12,386;469,533;43,4;16,878;52,517;837,02;104,032;29,836;48,198;15,22;88,034;16,994;NA;91,861;NA;59,742;38,982;3,386;6518,52;46,598;6518,52;24,544;8,558;275,433;27,089;9,927;67,057;3,126;428,27;18,359;62,221;152,143;25,408;519,941;69,074;303,847;190,963;179,495;52,235;239,342;22,098;70,599;31,969;NA;271,141;NA;13,744;313,048;46,819;10,574;137,625;149,916;42,911;NA;60,113;23,422;67,093;51,566;15,394;34,178;9,133;31,807;51,77;33,674;103,446;2,861;103,446;4,062;194,017;8,83;3,45;1,747;21,729;NA;3,746;62,552;0,232;153,975;13,807;2174,575;2174,575;23,796;NA;36,151;7,619;22,949;127,079;4,563;103,876;243,59;243,594;62,605;1,206;61,834;21,199;16,153;37,192;216,999;28,645;3405,38;10,239;60,796;0,595;111,472;17,481;11,453;14,418;16,06;55,175;16,06;;1,908;33,707;5,315;7,348;1640,241;54,435;29,732;34,158;227,732;1485,249;1567,589;0,568;0,626;2,802;73,861;16,965;9,856;32,761;202,752;27,084;45,833;14,043;18,433;20,834;7,609;839,87;3,231;NA;NA;NA;8,734;NA;NA;NA;NA;28,337;56,368;190,713;65,966;23,357;11,426;NA;11064,431;13,361;NA;103,686;3,265;19,089;NA;NA;21,423;NA;51,757;11,847;11,426;NA;15,092;126,728;18,24;NA;NA;NA;NA;1195,273;NA;NA;NA;NA;NA;NA;;NA;43,395;NA;NA;NA;NA;NA;NA;NA;NA;24,32;1,396;252,445;143,725;NA;NA;NA;NA;12,037;NA;NA;NA;NA;NA;34,589;NA
2009;0,04;6,24;2,228;12,553;13,666;32,066;10,655;119,991;11,852;5,319;13,513;391,859;26,534;1703,598;246645;234,925;272,414;15,688;3733,653;0,636;1030,991;56,323;107,438;7,319;14,355;125,257;NA;2,185;32,347;13,519;162,608;24,746;NA;0,349;5,416;126,412;309,983;294,363;5,165;62,907;121,544;36,192;64,856;2058,989;5,593;NA;46,08;93,486;78,081;4,52;326,106;938,532;276,404;243,18;501,467;1245,719;10,193;517,45;85,114;2,097;8,473;38,992;86,85;29,139;299,833;140,76;13,742;19,447;126,423;128,125;127,925;29,963;2,408;30,65;71,659;5,188;477,748;172,361;52,893;27,766;28,879;18,391;220,994;57,604;;61,872;18,391;184,839;11,696;488,457;34,979;14,835;44,836;916,283;123,73;24,267;60,121;18,03;74,424;11,555;NA;61,042;27,477;57,877;25,248;5,32;7123,168;52,187;7123,168;NA;8,163;336,389;26,506;12,397;59,927;4,357;432,406;3,673;64,712;150,624;29,376;508,198;64,927;7,727;206,785;179,005;56,569;158,582;23,774;77,058;32,953;14,723;263,952;74,331;14,578;323,232;52,104;8,625;148,964;157,15;44,912;5,634;75,452;26,147;79,565;8,54;19,506;36,398;11,468;13,022;56,614;38,557;113,448;1,85;113,448;4,024;211,164;8,248;4,06;1,374;23,307;NA;5,198;68,981;0,477;145,432;15,637;NA;NA;25,214;56,919;41,23;7,834;24,811;118,292;NA;106,889;219,034;247,399;64,581;1,482;64,95;20,198;19,843;38,953;258,403;26,141;NA;4,316;73,222;0,645;124,635;19,245;11,319;18,494;20,27;58,441;20,27;;2,116;34,004;6,404;4,025;2369,476;55,805;22,854;36,845;251,969;NA;1659,985;0,815;-0,089;3,387;75,623;17,529;9,494;35,317;NA;32,75;52,948;14,088;18,475;23,762;4,466;514,494;3,829;NA;NA;0,85;10,998;NA;NA;14,788;NA;23,855;49,811;176,636;69,648;13,157;11,65;NA;11409,881;14,771;NA;NA;NA;19,986;4,605;295,189;23,587;NA;63,98;13,012;11,65;NA;16,619;132,814;22,156;NA;NA;NA;NA;1274,965;NA;NA;NA;NA;NA;NA;;NA;49,217;NA;NA;NA;NA;NA;NA;NA;NA;24,067;NA;243,024;158,499;NA;NA;NA;NA;13,321;NA;NA;NA;NA;NA;34,665;NA
2010;0,047;6,088;2,535;13,069;14,392;34,037;11,637;99,679;15,039;4,43;10,169;405,603;25,515;1741,922;-2972;116,099;295,252;11,859;3944,458;0,6;1103,072;33,988;112,356;0,504;17,397;118,364;NA;0,26;32,069;13,193;171,121;24,243;NA;0,271;5,639;129,366;284,62;301,817;5,468;58,706;79,72;34,018;61,852;NA;5,331;41,307;51,49;98,57;73,488;4,179;336,303;1061,563;272,603;252,124;523,457;1275,361;21,926;523,148;89,086;1,814;8,375;40,225;84,957;29,702;311,949;150,724;13,886;18,715;120,57;127,665;84,165;24,224;2,105;33,402;75,621;NA;429,795;163,49;53,976;26,283;29,539;10,327;232,636;58,205;;60,572;10,327;177,916;8,316;561,598;34,973;14,751;42,163;902,881;120,777;27,284;70,45;20,081;88,647;12,953;NA;58,776;31,83;56,508;24,183;4,855;7306,269;47,793;7306,269;NA;7,954;378,912;23,423;13,883;63,062;3,938;443,283;2,953;51,463;151,768;25,955;510,433;78,439;2,502;186,822;184,937;36,676;171,651;25,851;80,992;25,446;16,49;323,905;53,191;8,648;328,918;54,884;7,638;157,54;166,016;46,9;10,015;98,435;28,604;75,352;11,122;21,222;33,445;14,073;12,99;53,88;38,462;131,065;0,974;131,065;0,688;229,033;7,822;4,44;1,282;23,668;16,163;6,47;70,496;NA;145,361;21,284;NA;NA;28,326;71,917;42,133;7,685;26,778;132,596;NA;106,236;220,447;253,774;67,085;2,033;68,874;23,987;21,245;42,604;304,906;20,631;NA;4,168;72,648;0,614;102,846;19,854;11,09;23,095;22,882;58,662;22,882;;2,264;34,344;6,015;4,218;2375,663;50,336;19,063;41,465;257,463;NA;1818,397;1,881;-0,279;4,27;102,592;19,197;8,974;37,219;NA;33,676;56,205;18,996;16,205;24,684;1,678;441,7;3,258;NA;NA;0,779;12,472;28,785;NA;23,294;NA;19,651;29,569;174,718;64,17;14,549;12,347;NA;11247,959;16,043;NA;NA;NA;19,823;15,62;307,163;25,012;NA;67,014;12,669;12,347;NA;15,498;137,579;22,2;8,368;NA;NA;NA;1262,688;NA;NA;NA;NA;NA;NA;;NA;53,009;NA;NA;NA;NA;NA;NA;NA;NA;26,555;NA;246,408;155,828;NA;NA;NA;NA;12,776;NA;NA;NA;NA;NA;34,477;NA
2011;0,049;6,461;3,513;12,165;15,881;35,832;12,12;98,533;12,897;4,917;4,391;416,598;27,145;1772,708;100086;93,808;314,818;9,191;4142,75;0,693;1187,929;42,106;115,327;0,068;18,918;117,718;0,388;-0,146;27,514;14,44;163,645;20,685;NA;0,316;5,341;135,467;145,802;307,657;5,895;54,97;64,764;38,33;53,106;NA;4,954;49,566;52,342;95,729;79,939;3,925;226,36;1224,55;263,754;235,884;536,648;1294,161;15,989;533,889;90,979;1,653;8,886;41,349;79,836;30,016;354,67;156,492;0,156;13,058;81,934;137,504;92,773;17,297;2,141;33,013;70,571;NA;NA;180,482;55,644;27,616;31,222;14,082;248,851;61,305;;55,222;14,082;201,468;8,353;579,01;34,277;15,645;41,522;921,597;82,469;31,363;77,737;21,603;90,199;15,062;1,587;58,948;27,864;42,351;25,466;2,276;7240,57;46,004;7240,57;NA;10,359;384,521;22,696;15,894;73,218;4,679;441,951;4,063;53,524;146,541;25,263;526,384;74,992;-229,79;185,252;188,059;40,391;172,417;25,253;90,937;29,97;15,853;NA;45,643;6,687;335,304;58,7;8,64;168,391;174,392;44,525;13,919;120,149;25,662;77,031;14,272;24,925;34,52;18,009;11,857;50,118;36,826;149,298;0,746;149,298;0,956;248,991;7,247;4,337;1,345;23,607;17,283;4,742;74,713;NA;154,077;20,153;NA;NA;29,48;82,055;42,301;8,154;29,13;102,2;NA;115,957;238,694;257,341;69,69;2,402;75,284;27,922;21,29;42,629;342,534;10,142;NA;4,391;85,631;0,628;88,397;19,965;6,19;22,476;23,889;54,203;23,889;;2,119;NA;6,181;3,407;2141,734;54,489;11,727;42,861;262,363;NA;1902,298;2,061;-0,405;5,114;78,228;21,936;11,209;32,254;NA;41,39;62,057;17,906;15,217;24,879;0,906;386,923;2,793;NA;15,877;0,007;14,671;31,633;NA;19,797;NA;NA;19,31;173,584;69,435;16,469;14,263;1092,412;11752,788;18,71;NA;NA;NA;19,77;17,946;320,885;24,346;35,981;44,885;16,763;14,263;NA;NA;141,678;23,773;8,298;NA;NA;NA;1382,8;NA;NA;NA;NA;NA;NA;;NA;58,66;NA;NA;NA;NA;NA;NA;NA;NA;29,812;NA;250,722;152,716;NA;NA;NA;NA;12,726;NA;NA;NA;NA;NA;NA;NA
2012;0,069;6,745;4,169;10,783;16,23;37,586;13,148;98,234;13,448;5,716;1,887;424,099;24,194;1803,09;128412;73,753;336,883;10,294;4328,222;0,769;1259,691;35,201;119,913;0,089;21,418;118,294;-0,013;-0,807;37,112;15,2;167,515;18,127;NA;0,257;6,2;142,071;143,381;315,711;6,497;55,575;34,71;31,315;19,202;NA;4,844;51,478;54,971;100,575;89,965;3,934;336,374;1386,903;269,915;262,657;557,807;1301,631;11,004;517,707;97,645;1,25;9,173;42,509;77,144;30,406;398,199;165,306;0,017;10,769;80,451;148,275;96,262;14,511;1,604;33,214;67,257;NA;NA;198,637;58,03;30,92;34,909;17,855;261,632;64,099;;56,336;17,855;188,48;9,309;569,838;33,599;15,825;41,548;826,257;79,766;7,212;85,084;21,663;95,754;16,829;4,464;56,732;36,609;27,873;23,316;2,358;7771,765;45,774;7771,765;NA;10,562;404,164;22,855;16,777;71,537;8,884;463,969;4,489;35,764;135,518;25,119;497,5;70,086;3,368;186,819;190,811;34,319;193,332;24,771;97,077;39,085;18,441;NA;38,691;7,854;347,565;60,62;6,896;184,646;183,982;48,588;8,73;145,288;26,146;87,318;17,083;27,788;35,654;20,766;11,857;49,614;38,081;172,658;0,416;172,658;2,469;254,411;7,991;4,088;1,104;24,832;18,658;5,126;82,067;NA;111,156;22,156;NA;NA;29,552;67,174;42,946;8,272;31,947;87,836;NA;120,797;242,995;263,96;71,52;2,808;80,643;24,793;23,033;17,282;385,851;13,388;NA;5,165;70,072;0,613;85,493;20,011;6,215;27,263;24,04;56,194;24,04;;1,76;NA;6,31;2,241;1774,207;58,66;3,197;46,267;266,182;NA;1536,246;1,716;NA;5,986;81,757;23,752;12,985;26,714;NA;40,222;67,497;19,112;21,728;NA;2,425;350,889;3,199;26,979;12,749;-0,039;NA;34,417;NA;19,36;NA;NA;NA;82,097;76,129;18,854;12,247;1198,519;11576,526;17,67;NA;NA;NA;20,642;9,453;341,205;22,004;38,576;43,796;19,633;12,248;NA;NA;145,381;24,692;7,932;NA;NA;NA;1285,108;-0,244;NA;NA;NA;NA;NA;;NA;NA;NA;NA;NA;NA;NA;NA;NA;NA;NA;NA;242,819;150,706;NA;1,173;NA;NA;10,46;NA;NA;NA;NA;NA;NA;NA
2013;0,048;7,25;4,438;12,498;16,75;39,16;13,946;96,81;15,379;6,209;0,307;511,102;24,466;1832,567;479918;88,041;874,689;8,928;5654,319;1,079;1303,804;41,875;123,788;0,847;23,531;72,377;0,004;-1,603;40,332;11,446;177,964;15,304;NA;0,268;6,117;149,756;145,762;323,102;7,055;55,068;NA;29,41;19,103;NA;4,983;50,234;57,327;104,831;102,793;3,952;162,272;1553,141;280,1;321,294;586,773;1308,436;6,948;524,316;98,713;1,132;9,197;71,387;67,179;38,705;387,071;168,997;-0,269;10,545;84,854;160,514;98,804;13,452;1,106;36,575;73,673;NA;NA;220,079;59,87;32,148;33,607;27,491;285,461;66,575;;48,113;27,491;193,649;5,805;590,541;31,395;17,901;43,65;923,096;115,306;21,726;100,015;14,748;99,048;17,43;7,551;38,78;26,68;23,163;27,892;2,509;11626,019;38,514;11626,019;NA;8,515;372,528;22,993;17,03;75,472;14,82;453,772;5,813;34,655;142,462;24,855;525,225;69,659;-15,526;186,203;196,809;40,264;201,676;23,694;115,005;34,199;19,854;NA;30,978;7,461;352,282;66,809;3,736;199,695;193,326;50,66;11,012;157,231;27,364;92,375;22,725;30,338;35,779;23,252;11,755;47,405;44,274;175,041;0,265;175,041;3,213;238,496;8,197;4,065;0,761;25,675;19,664;5,385;84,06;NA;115,109;23,939;NA;NA;32,002;79,886;37,889;7,97;32,817;102,447;NA;123,783;254,229;270,083;74,917;2,89;83,702;29,287;23,092;42,828;439,571;16,964;NA;4,404;76,692;0,559;89,138;21,153;2,543;33,244;22,134;57,596;22,134;;1,137;NA;4,372;1,074;1907,695;56,816;1,831;50,099;220,527;NA;1659,378;0,762;NA;7,022;84,448;27,951;14,328;19,118;NA;43,055;68,699;19,619;37,195;NA;1,814;263,314;3,352;21,676;12,691;0,051;NA;36,367;NA;19,61;NA;NA;NA;60,908;81,775;22,472;12,739;1274,549;14879,684;28,168;NA;NA;NA;3658,422;10,941;362,841;22,914;41,057;46,266;24,712;12,739;2,503;NA;NA;25,7;6,979;NA;NA;NA;NA;-0,012;NA;38,696;NA;NA;NA;;NA;NA;NA;NA;NA;NA;NA;NA;NA;NA;NA;NA;227,406;153,129;NA;0,784;NA;NA;10,641;NA;NA;NA;NA;NA;NA;NA
2014;0,044;7,159;5,474;16,181;17,271;40,862;15,557;NA;17,281;6,463;0,235;531,378;26,575;1858,179;863047;93,786;908,012;NA;5859,542;0,947;1385,175;50,79;122,575;0,441;25,791;73,691;-0,017;-2,167;42,596;12,934;150,412;14,895;NA;0,422;6,165;157,593;144,832;332,796;6,918;40,169;2,781;30,397;17,917;NA;5,163;65,704;58,034;115,343;114,825;3,962;164,935;1764,196;303,172;326,814;605,017;1321,089;5,478;514,601;106,858;0,704;9,308;72,918;67,206;38,941;391,137;177,859;0,009;10,553;96,405;172,52;119,085;13,468;1,095;35,92;80,341;NA;NA;235,729;68,286;31,87;37,048;32,745;312,204;67,706;;50,28;32,745;195,819;3,431;832,224;27,394;20,694;43,359;1003,014;105,286;27,37;105,457;15,601;105,774;18,342;13,684;37,777;28,115;18,278;30,822;2,637;13164,881;46,66;13164,881;NA;8,157;371,555;24,511;18,345;79,264;10,799;445,238;NA;32,743;131,201;25,774;547,237;75,818;-99,751;205,488;193,603;45,84;217,689;23,065;115,109;59,259;22,278;NA;30,043;7,679;363,469;69,69;4,333;212,785;204,371;53,45;22,885;156,367;29,326;96,397;23,049;32,37;27,069;26,435;11,861;50,941;45,794;194,927;0,585;194,927;3,759;249,903;7,692;4,719;0,731;25,651;17,993;5,181;93,014;NA;127,716;25,979;NA;NA;34,645;84,447;37,932;8,299;33,619;95,316;NA;126,561;279,193;271,697;78,353;NA;83,736;33,811;24,278;18,087;497,444;18,006;NA;3,719;82,713;0,539;91,248;20,408;0,854;42,142;25,927;57,32;25,927;;0,944;NA;4,369;1,855;1680,066;57,429;3,471;53,655;208,731;NA;1795,221;0,623;NA;8,072;79,668;32,309;15,077;21,828;NA;NA;71,614;22,134;61,909;NA;2,517;222,16;NA;22,857;12,913;0,04;NA;38,342;NA;17,242;NA;NA;NA;NA;88,638;25,909;13,561;1351,148;14461,753;5,6;19,073;NA;NA;3853,608;11,037;388,184;22,861;47,832;37,736;30,761;13,944;7,619;NA;NA;27,62;6,077;236,431;NA;NA;NA;-0,016;0,454;36,538;NA;0,202;4,606;;NA;NA;NA;NA;NA;NA;NA;49,765;NA;NA;NA;NA;NA;149,654;NA;0,435;-11,495;NA;8,99;NA;NA;NA;NA;NA;NA;NA
2015;0,034;6,621;6,684;8,728;9,32;42,835;16,607;NA;12,542;4,581;0,151;548,988;21,336;1885,453;610525;88,508;944,253;NA;6050,167;0,658;1488,628;46,831;125,339;0,012;27,42;67,148;NA;-2,82;41,857;13,208;115,849;7,987;NA;0,43;8,147;164,735;137,033;295,574;3,262;24,993;2,328;27,021;19,548;NA;5,22;65,009;55,106;121,286;110,384;3,926;163,922;1651,696;250,609;323,643;622,847;1424,125;1,375;475,969;32,879;0,408;9,253;46,05;73,435;39,624;327,313;186,163;0,063;10,248;98,181;179,449;111,693;12,548;0,822;36,581;75,585;NA;NA;243,998;44,967;29,449;38,355;19,592;314,547;70,609;;51,052;19,592;134,931;4,005;647,531;24,966;20,962;20,527;875,457;101,097;23,938;99,589;16,125;93,623;18,227;10,933;39,186;28,349;10,385;31,554;1,849;15000,979;46,502;15000,979;NA;7,489;371,443;23,941;17,956;77,103;28,619;436,675;NA;25,015;124,508;21,945;464,146;72,937;0,497;192,277;200,007;44,14;219,387;22,697;134,551;55,286;23,203;NA;21,637;7,307;371,552;72,027;4,403;225,759;213,872;55,166;25,293;105,013;32,52;91,713;24,623;38,428;24,087;29,012;11,865;51,794;40,146;205,31;0,3;205,31;4,007;264,809;7,823;3,85;0,379;26,021;19,134;5,699;89,076;NA;130,841;27,684;NA;NA;33,397;88,59;37,826;7,494;33,069;85,281;NA;130,526;292,963;278,759;82,791;NA;84,383;38,316;22,584;19,057;522,927;18,212;NA;3,076;80,678;NA;82,814;17,698;0,135;46,525;21,296;57,476;21,296;;-0,357;NA;4,485;2,432;1589,594;40,436;16,987;57,406;165,738;NA;1859,19;0,731;NA;9,479;85,145;36,921;15,808;17,957;NA;NA;65,288;20,21;71,428;NA;2,845;29,67;NA;21,505;13,262;0,027;NA;39,453;NA;18,016;NA;NA;NA;NA;91,318;26,68;NA;1469,182;14032,184;4,411;35,118;NA;NA;3998,815;8,818;257,25;15,805;47,581;39,826;38,483;14,746;7,754;NA;NA;23,747;25,967;252,564;NA;49,189;NA;NA;0,451;39,685;NA;2,183;5,081;;NA;NA;NA;-3,831;-0,054;NA;NA;48,464;5,406;NA;NA;NA;NA;152,816;5,905;5,124;-28,578;NA;5,525;NA;NA;NA;NA;NA;NA;NA
2016;0,029;6,42;6,831;9,507;NA;51,196;19,207;NA;12,856;5,382;0,019;566,079;23,58;1912,787;845274;182,71;974,017;NA;6248,431;0,434;1588,175;47,27;130,991;0,158;30,019;63,037;NA;-8,354;47,651;14,137;121,876;10,596;6,063;0,364;8,22;172,454;145,125;305,353;2,253;23,73;1,57;25,637;20,168;NA;5,392;84,749;55,362;127,572;117,31;3,792;158,389;1705,058;235,192;357,141;616,735;1432,185;-3,237;482,436;35,268;0,512;9,361;47,198;74,766;39,888;363,425;194,161;NA;13,761;101,794;193,355;121,47;11,813;0,731;38,73;84,818;NA;NA;273,716;45,884;30,534;40,781;30,356;418,341;71,879;;54,393;30,356;NA;4,471;680,176;28,774;22,768;20,752;912,313;125,752;26,652;104,593;16,77;73,613;18,541;11,251;43,336;30,086;NA;34,872;3,16;15572,464;51,625;15572,464;NA;7,594;357,84;26,448;18,854;82,841;29,464;460,672;NA;23,335;128,608;19,344;451,834;72,677;5,951;191,075;214,705;47,382;234,095;23,052;144,003;53,763;25,242;NA;23,316;7,666;382,435;73,576;4,197;247,028;226,01;60,089;23,591;105,656;32,309;88,362;28,067;42,203;23,836;32,798;11,708;50,882;44,433;206,399;0,102;206,399;4,138;273,815;8,798;4,134;0,281;27,645;19,786;5,974;91,708;NA;22,842;28,775;NA;NA;33,848;90,734;41,321;6,95;35,084;88,855;NA;134,731;312,687;295,453;86,102;NA;84,302;42,869;24,511;21,235;558,182;19,33;NA;NA;75,389;NA;92,879;18,068;-0,131;58,1;25,762;58,814;25,762;;2,836;NA;4,501;2,59;1642,529;40,312;11,846;61,748;96,971;NA;1980,847;0,477;NA;10,534;91,202;41,657;18,065;11,166;NA;NA;46,39;20,849;54,221;NA;3,154;26,984;NA;22,887;13,852;0,011;NA;41,162;NA;19,495;3,198;NA;NA;NA;98,042;29,167;NA;1547,793;13899,655;4,428;36,417;NA;NA;4229,798;10,521;272,711;8,715;49,333;40,584;40,617;14,444;6,555;NA;NA;24,802;25,251;258,979;34,068;17,084;NA;0,135;0,522;43,482;NA;1,216;6,592;;4,244;NA;5,633;1,457;-0,075;NA;10,352;48,265;5,534;NA;NA;NA;NA;155,926;7,94;4,225;-48,218;1,09;2,047;NA;NA;NA;NA;NA;NA;NA
2017;0,026;6,749;6,848;11,026;NA;52,499;22,22;NA;NA;5,804;0,1;586,327;25,169;1962,768;1371678;160,782;1014,566;NA;6448,125;0,44;1684,432;40,179;135,151;-1,359;33,642;65,565;NA;-8,808;56,76;16,085;157,522;12,604;7,612;0,287;6,043;181,393;166,273;326,798;2,311;24,82;1,779;25,614;23,027;NA;5,51;102,988;53,454;133,774;136,741;4,072;160,346;NA;254,125;397,769;858,645;1446,688;-3,812;517,436;38,709;0,554;9,42;48,608;74,2;40,309;387,927;202,749;NA;18,243;100,956;171,585;133,309;13,206;0,847;40,296;84,546;NA;NA;308,913;46,346;34,695;43,994;38,854;474,389;66,335;;60,611;38,854;NA;5,612;730,909;34,374;26,624;23,67;949,654;147,794;34,471;92,4;16,1;85,678;20,809;11,535;40,878;31,415;NA;38,705;NA;17488,145;53,667;17488,145;NA;8,381;384,158;28,651;20,691;86,483;31,263;545,702;NA;26,894;133,904;16,431;428,293;83,621;7,23;194,458;219,895;52,853;257,271;24,566;163,523;54,943;24,237;NA;36,405;5,868;396,147;78,212;4,699;272,2;238,015;65,2;25,777;41,555;31,172;84,092;30,967;47,179;25,566;47,446;12,043;46,528;50,129;212,518;0,159;212,518;4,05;287,073;8,536;6,767;0,204;29,311;20,725;5,351;99,588;NA;-18,812;32,231;NA;NA;30,498;94,498;83,832;8,43;34,671;100,764;NA;139,345;333,452;309,616;91,149;NA;86,958;47,14;26,726;23,914;589,324;21,001;NA;NA;79,434;NA;113,373;19,395;-0,089;73,54;29,516;61,18;29,516;;3,355;NA;5,288;2,64;1781,936;NA;5,137;32,713;98,296;NA;2050,991;0,409;NA;11,565;95,103;46,619;20,24;10,409;NA;NA;49,352;20,115;63,875;NA;3,797;36,821;NA;45,023;14,239;0,01;NA;47,519;2,593;27,52;10,798;NA;NA;NA;90,964;29,368;NA;1593,968;14186,907;14,533;38,027;NA;NA;4537,999;14,317;288,984;9,689;28,848;32,479;43,636;13,764;5,547;NA;NA;26,164;33,562;264,177;33,489;18,611;NA;0,287;NA;44,445;NA;3,304;17,493;;6,175;NA;5,88;1,451;0,135;4,359;11,209;45,898;5,63;NA;NA;NA;NA;164,193;5,937;3,072;-57,337;1,322;-0,63;NA;NA;33,989;NA;NA;NA;NA
2018;0,002;6,426;10,648;13,196;NA;53,365;11,616;NA;NA;5,903;1,486;614,422;24,656;2009,591;1202323;169,212;1051,85;NA;6586,486;0,424;1780,346;32,092;139,431;-4,901;35,764;67,593;NA;-9,776;59,336;16,881;155,925;12,937;8,001;0,252;4,637;190,315;313,47;332,83;2,314;24,845;0,842;23,817;26,164;NA;5,656;111,62;52,564;139,239;143,593;3,758;158,299;NA;220,906;414,408;833,667;1470,191;-6,206;550,826;42,345;0,669;10,091;50,056;72,29;41,061;369,353;211,221;NA;16,102;99,51;205,358;156,964;14,716;0,807;42,727;91,392;NA;NA;338,229;46,887;35,775;26,708;50,656;NA;67,744;;60,664;50,656;NA;NA;812,109;34,834;25,778;25,944;890,138;158,739;40,363;117,834;14,784;93,099;21,198;11,156;37,157;33,117;NA;44,263;NA;18660,945;53,509;18660,945;NA;8,487;402,313;49,59;23,678;92,206;29,439;525,127;NA;51,134;139,669;17,22;436,748;83,521;4,326;196,979;225,721;48,671;266,896;26,904;166,612;55,064;26,296;NA;38,242;5,619;406,683;78,658;5,396;298,824;249,656;69,48;32,478;41,459;33,403;44,39;32,328;52,047;24,15;47,068;5,412;45,163;48,427;216,36;NA;216,36;4,188;298,139;7,321;7,585;0,137;30,813;21,69;4,237;99,298;NA;-37,892;37,53;NA;NA;31,91;98,181;84;8,975;30,443;102,681;NA;143,529;347,057;347,692;96,947;NA;90,628;50,502;27,71;27,1;605,345;22,372;NA;NA;95,697;NA;103,494;19,359;0,147;74,282;33,93;61,493;33,93;;5,069;NA;6,09;2,987;1776,177;NA;2,623;7,82;98,222;NA;1560,113;0,353;NA;12,937;95,648;50,402;23,192;10,308;NA;NA;48,005;19,285;52,067;NA;3,073;38,851;NA;53,382;14,685;0,01;NA;13,788;10,925;34,03;12,047;NA;NA;NA;85,186;30,446;NA;1672,993;14580,484;11,764;38,933;NA;NA;4796,604;3,781;306,401;13,412;31,523;21,499;46,958;14,088;4,32;NA;NA;26,12;32,865;271,568;36,476;18,815;NA;0,138;0,358;46,238;NA;3,231;18,901;;5,004;NA;58,34;18,587;-0,752;10,597;15,983;45,491;6,67;1,63;NA;NA;NA;164,048;5,015;1,631;4,341;2;-3,698;NA;NA;35,672;5,02;NA;NA;9,915
2019;-0,003;6,137;14,091;15,083;NA;54,269;22,041;NA;NA;5,255;0,959;644,03;26,38;2033,951;1670825;173,117;1085,632;NA;6776,833;0,25;1885,016;25,741;148,989;NA;41,247;73,292;NA;-9,276;61,949;17,05;158,811;12,667;8,416;0,223;2,707;199,382;338,485;244,624;1,757;27,518;1,399;NA;26,486;NA;6,401;83,739;52,98;147,432;134,369;3,716;160,814;NA;200,466;438,022;851,481;1604,533;-8,628;567,35;43,312;0,571;10,364;51,265;70,555;41,787;422,528;218,547;NA;10,907;103,847;205,126;175,372;14,618;0,191;44,723;94,695;NA;NA;363,035;47,452;37,944;31,476;52,809;NA;71,868;;65,592;52,809;NA;NA;899,315;36,29;25,237;27,206;947,193;171,268;39,182;119,709;14,221;99,955;21,166;12,82;33,252;37,121;NA;42,7;NA;19652,018;54,686;19652,018;NA;7,609;394,878;15,264;25,222;63,651;26,642;511,199;NA;45,013;137,181;17,914;423,368;82,959;3,195;202,801;229,457;39,712;275,838;29,053;173,548;50,013;27,279;NA;77,048;5,933;420,726;80,428;5,476;315,87;261,182;71,089;35,577;47,427;23,708;45,975;38,267;55,519;22,878;51,122;5,623;46,548;52,739;220,945;NA;220,945;4,809;304,491;6,478;8,594;0,007;32,711;22,836;6,072;109,72;NA;20,668;36,57;NA;NA;30,029;84,01;87,416;10,69;30,485;106,101;NA;146,795;356,004;354,333;103,333;NA;97,023;53,072;28,49;30,057;683,239;24,113;NA;NA;99,302;NA;127,481;19,333;-0,087;86,6;35,154;63,39;35,154;;0,337;NA;7,057;2,901;1777,687;NA;1,912;6,563;103,478;NA;1540,752;0,142;NA;13,95;95,223;50,666;25,957;10,184;NA;NA;46,465;18,067;61,245;NA;2,062;39,706;NA;46,723;15,07;0,007;NA;12,01;4,981;43,342;13,44;NA;NA;NA;80,263;33,515;NA;1775,759;13542,535;12,048;39,74;NA;NA;5089,886;2,077;323,77;11,425;32,555;19,386;49,072;14,598;2,506;NA;NA;26,903;29,755;284,3;36,169;17,455;NA;0,598;0,585;58,125;NA;1,008;20,136;;1,297;NA;62,143;18,346;-0,679;10,267;20,587;38,266;6,743;10,742;NA;NA;NA;172,45;6,687;0,404;3,792;4,126;41,143;0,007;NA;37,586;4,895;NA;NA;8,613
2020;-0,002;6,835;11,846;16,122;NA;55,212;23,179;NA;NA;4,064;0,539;665,129;21,519;2072,854;1839506;173,361;1087,449;NA;6922,792;-0,055;2168,646;29,884;151,757;NA;39,781;78,458;NA;-10,74;69,195;16,527;156,247;12,909;8,552;0,18;1,38;209,89;391,211;216,704;1,975;23,939;2,001;NA;21,2;NA;6,798;66,766;52,221;150,501;134,116;3,551;144,163;NA;141,915;429,782;857,569;1642,715;-9,39;543,504;44,144;0,481;8,887;51,764;69,151;41,624;432,804;226,223;NA;11,545;78,499;217,407;186,4;12,397;0,082;NA;94,206;NA;NA;377,996;48,026;38,519;37,102;164,229;NA;80,107;;70,026;164,229;NA;NA;851,78;30,638;27,672;26,304;951,877;183,198;41,6;80,951;11,899;89,972;20,051;6,748;20,822;38,373;NA;40,497;NA;19202,837;52,16;19202,837;NA;6,803;378,647;15,101;29,713;61,52;27,237;515,448;NA;35,438;127,124;17,737;384,319;80,84;2,58;194,151;234,445;43,241;252,483;31,703;160,367;10,458;26,734;NA;78,914;5,745;432,804;76,121;3,973;210,669;273,727;68,315;34,853;33,219;22,195;42,387;42,597;61,348;23,357;55,043;3,038;42,621;53,95;210,485;NA;210,485;4,35;315,07;5,446;7,581;NA;33,929;23,948;6,398;102,81;NA;30,171;32,217;NA;NA;30,224;90,717;91,744;11,512;15,114;118,532;NA;149,508;365,683;374,017;101,7;NA;99,834;58;29,882;29,769;724,57;24,371;NA;NA;103;NA;5947300;20,128;-0,086;86,315;36,184;65,666;36,184;;0,518;NA;8,575;3,155;1839,609;NA;-0,35;4,411;106,264;NA;933,023;0,104;NA;15,695;97,687;40,731;23,555;8,433;NA;NA;41,503;16,224;70,318;NA;0,966;40,103;NA;55,553;15,627;0,021;NA;10,207;1,204;50,727;12,448;NA;6,009;NA;65,465;32,129;NA;1795,014;NA;12,366;40,947;NA;NA;5361,166;-6,441;342,101;11,578;33,635;18,584;41,312;14,813;3,679;NA;NA;29,004;NA;308,879;34,054;18,517;NA;0,283;0,913;64,486;NA;0,145;21,158;;3,517;NA;59,896;18,087;-0,588;12,651;15,77;34,05;6,124;10,813;NA;NA;NA;169,408;8,9;1,57;10,084;5,023;12,957;-0,034;21,907;61,162;5,796;NA;NA;9,731
2021;-0,002;7,255;12,029;22,492;NA;56,185;30,723;NA;NA;4,36;0,447;693,63;23,793;2110,206;2042491;174,675;1106,138;NA;7070,458;-0,159;2272,428;33,965;154,841;NA;41,573;51,521;NA;-10,831;76,709;17,988;154,525;15,108;8,755;0,132;1,196;222,298;407,614;250,978;2,223;25,926;1,136;NA;25,434;NA;15,203;76,917;50,064;157,386;147,794;2,897;149,48;NA;149,099;489,484;873,554;1683,531;-4,949;557,977;45,418;0,572;10,041;53,785;64,328;42,436;366,209;234,152;NA;7,588;88,073;225,227;221,351;11,017;0,15;NA;134,272;NA;NA;421,662;48,626;39,069;36,97;132,38;NA;83,437;;74,242;132,38;NA;NA;869,954;35,615;35,392;28,959;979,813;208,699;44,844;64,625;12,355;107,175;20,764;5,878;28,278;40,845;NA;46,6;NA;21967,799;54,19;21967,799;NA;7,165;426,096;17,973;41,072;68,961;29,823;542,391;NA;31,583;149,441;17,105;394,162;94,23;2,347;210,4;247,718;55,782;296,968;47,612;252,889;10,537;27,839;NA;77,325;6,245;446,842;78,538;5,018;202,065;287,395;76,914;43,483;49,775;27,608;54,467;30,596;96,615;24,092;53,781;3,074;45,534;56,533;222,744;NA;222,744;5,767;327,976;5,957;9,396;NA;37,456;23,856;6,049;105,295;NA;31,468;43,59;NA;NA;33,177;98,058;131,421;7,105;18,142;144,451;NA;151,892;377,284;426,41;101,589;NA;109,425;57,087;32,186;31,273;837,056;26,043;NA;NA;115,763;NA;6158500;26,637;-0,08;109,921;39,975;68,617;39,975;;1,003;NA;12,686;3,459;1827,564;NA;0,027;3,154;107,945;NA;1005,965;0,099;NA;17,664;108,359;43,537;24,395;8,637;NA;NA;37,767;19,256;59,384;NA;0,174;40,331;NA;47,324;16,663;0,044;NA;12,004;0,633;60,411;11,935;NA;6,518;NA;65,539;34,771;NA;1899,173;NA;13,66;43,545;NA;NA;5586,388;-5,85;360,96;NA;38,238;17,094;39,809;16,274;3,322;NA;NA;30,708;NA;337,631;46,325;21,156;NA;0,368;NA;75,893;NA;0,404;24,73;;0,589;NA;45,009;18,96;-0,419;15,174;15,089;35,832;7,149;10,798;NA;NA;NA;178,207;11,737;NA;NA;5,536;6,743;-0,032;22,701;69,822;13,185;16,032;NA;12,986
2022;NA;NA;NA;NA;NA;NA;NA;NA;NA;NA;NA;NA;NA;NA;NA;NA;NA;NA;NA;NA;NA;NA;NA;NA;NA;NA;NA;NA;NA;NA;NA;NA;NA;NA;0,914;NA;NA;NA;NA;NA;NA;NA;NA;NA;NA;NA;NA;NA;NA;NA;NA;NA;NA;NA;NA;NA;NA;NA;NA;NA;NA;NA;NA;NA;NA;NA;NA;NA;NA;NA;NA;NA;NA;NA;156,645;NA;NA;NA;NA;NA;NA;120,535;NA;NA;;NA;120,535;NA;NA;NA;NA;NA;NA;NA;NA;NA;71,473;NA;NA;NA;NA;NA;NA;NA;NA;NA;NA;NA;NA;NA;NA;NA;NA;NA;NA;NA;NA;NA;15,909;163,491;NA;NA;NA;NA;NA;NA;NA;NA;51,907;NA;NA;NA;NA;NA;NA;NA;NA;NA;NA;NA;NA;NA;41,595;NA;NA;NA;NA;NA;NA;NA;NA;NA;NA;NA;NA;NA;NA;NA;NA;NA;NA;NA;NA;NA;NA;NA;39,46;NA;NA;NA;NA;NA;NA;NA;NA;NA;NA;NA;NA;NA;NA;NA;NA;NA;31,031;NA;NA;NA;NA;141,457;NA;NA;NA;NA;NA;NA;NA;NA;;NA;NA;13,398;NA;NA;NA;NA;NA;NA;NA;NA;NA;NA;NA;NA;NA;NA;NA;NA;NA;NA;NA;NA;NA;NA;41,169;NA;NA;NA;NA;NA;NA;NA;NA;NA;NA;NA;NA;NA;35,648;NA;NA;NA;NA;NA;NA;NA;NA;NA;NA;NA;NA;NA;NA;NA;NA;NA;NA;NA;NA;NA;NA;NA;NA;NA;NA;NA;NA;NA;NA;;NA;NA;44,309;NA;NA;NA;12,096;NA;NA;NA;NA;NA;NA;NA;NA;NA;NA;NA;NA;NA;NA;NA;NA;NA;NA;NA