Name;KINARUS THERAPE - DIVIDENDS PER SHARE - GROSS;ABB LTD - DIVIDENDS PER SHARE - GROSS;AMS OSRAM - DIVIDENDS PER SHARE - GROSS;PIERER MOBILITY AG - DIVIDENDS PER SHARE - GROSS;ACCU HOLDING AG - DIVIDENDS PER SHARE - GROSS;BANQUE CANTONALE - DIVIDENDS PER SHARE - GROSS;SIKA AG - DIVIDENDS PER SHARE - GROSS;ACINO INTERNAT - DIVIDENDS PER SHARE - GROSS;ACTELION AG - DIVIDENDS PER SHARE - GROSS;OC OERLIKON CORP - DIVIDENDS PER SHARE - GROSS;ADDEX THERAPEUTICS - DIVIDENDS PER SHARE - GROSS;BANK LINTH LLB AG - DIVIDENDS PER SHARE - GROSS;ADECCO GROUP - DIVIDENDS PER SHARE - GROSS;ZUGER KANTONALBANK - DIVIDENDS PER SHARE - GROSS;SCHWEIZERISCHE - DIVIDENDS PER SHARE - GROSS;ADVAL TECH HOLDING A - DIVIDENDS PER SHARE - GROSS;GRAUBUENDNER KBK - DIVIDENDS PER SHARE - GROSS;ADVANCED DIGITAL - DIVIDENDS PER SHARE - GROSS;HYPOTHERBK LENZBURG - DIVIDENDS PER SHARE - GROSS;AIRESIS SA - DIVIDENDS PER SHARE - GROSS;BASELLAND KANTONALBK - DIVIDENDS PER SHARE - GROSS;APG SGA SA - DIVIDENDS PER SHARE - GROSS;ALLREAL HOLDING AG - DIVIDENDS PER SHARE - GROSS;APTG AG - DIVIDENDS PER SHARE - GROSS;BELIMO HOLDINGS AG - DIVIDENDS PER SHARE - GROSS;CPH CHEMIE & PAPIER - DIVIDENDS PER SHARE - GROSS;ALPHA PETROVISION - DIVIDENDS PER SHARE - GROSS;CI COM SA - DIVIDENDS PER SHARE - GROSS;ALSO HOLDING AG - DIVIDENDS PER SHARE - GROSS;GEORG FISCHER AG - DIVIDENDS PER SHARE - GROSS;VALORA HOLDING AG - DIVIDENDS PER SHARE - GROSS;ARBONIA AG - DIVIDENDS PER SHARE - GROSS;STADLER RAIL AG - DIVIDENDS PER SHARE - GROSS;EVOLVA HOLDING - DIVIDENDS PER SHARE - GROSS;ARYZTA AG - DIVIDENDS PER SHARE - GROSS;BANQUE CANTON GENEVE - DIVIDENDS PER SHARE - GROSS;CHAM GROUP AG - DIVIDENDS PER SHARE - GROSS;PHOENIX MECANO AG - DIVIDENDS PER SHARE - GROSS;ASCOM HOLDING AG - DIVIDENDS PER SHARE - GROSS;VALARTIS GROUP AG - DIVIDENDS PER SHARE - GROSS;ARUNDEL AG - DIVIDENDS PER SHARE - GROSS;PANALPINA WEL - DIVIDENDS PER SHARE - GROSS;SCHLATTER HOLDING AG - DIVIDENDS PER SHARE - GROSS;ATHRIS HOLDING AG - DIVIDENDS PER SHARE - GROSS;BACHEM HOLDING - DIVIDENDS PER SHARE - GROSS;AUTONEUM HOLD - DIVIDENDS PER SHARE - GROSS;STARRAG GROUP HOLD - DIVIDENDS PER SHARE - GROSS;BALOISE HOLDING AG - DIVIDENDS PER SHARE - GROSS;BUCHER INDUSTRIES AG - DIVIDENDS PER SHARE - GROSS;ONE SWISS BANK SA - DIVIDENDS PER SHARE - GROSS;LOEB HOLDING AG - DIVIDENDS PER SHARE - GROSS;PAX-ANLAGE AG - DIVIDENDS PER SHARE - GROSS;SGS SA - DIVIDENDS PER SHARE - GROSS;BARRY CALLEBAUT - DIVIDENDS PER SHARE - GROSS;VILLARS HOLDING SA - DIVIDENDS PER SHARE - GROSS;WARTECK INVEST AG - DIVIDENDS PER SHARE - GROSS;BASILEA PHARMACEUTIC - DIVIDENDS PER SHARE - GROSS;ZWAHLEN & MAYR S.A. - DIVIDENDS PER SHARE - GROSS;BASLER KANTONALBANK - DIVIDENDS PER SHARE - GROSS;VON ROLL HOLDING - DIVIDENDS PER SHARE - GROSS;MIKRON HOLDING AG - DIVIDENDS PER SHARE - GROSS;BANQUE CANTONALE - DIVIDENDS PER SHARE - GROSS;ORELL FUESSLI HOLD - DIVIDENDS PER SHARE - GROSS;BANQUE CANT VAUDOISE - DIVIDENDS PER SHARE - GROSS;FORBO HOLDING AG - DIVIDENDS PER SHARE - GROSS;BERNER KANTO - DIVIDENDS PER SHARE - GROSS;SWMTL HOLDING AG - DIVIDENDS PER SHARE - GROSS;HIGHLIGHT EVENT AND - DIVIDENDS PER SHARE - GROSS;RIETER HOLDING AG - DIVIDENDS PER SHARE - GROSS;BELL FOOD GROUP AG - DIVIDENDS PER SHARE - GROSS;ELMA ELECTRONIC AG - DIVIDENDS PER SHARE - GROSS;BELLEVUE GROUP AG - DIVIDENDS PER SHARE - GROSS;SWISS STEEL - DIVIDENDS PER SHARE - GROSS;BFW LIEGENSCHAFTEN - DIVIDENDS PER SHARE - GROSS;PRIVATE EQUITY HLDG - DIVIDENDS PER SHARE - GROSS;BIOXELL S.P.A. - DIVIDENDS PER SHARE - GROSS;BANK CA ST. GALLEN - DIVIDENDS PER SHARE - GROSS;INTERROLL HOLDING AG - DIVIDENDS PER SHARE - GROSS;BANK CLER AG - DIVIDENDS PER SHARE - GROSS;VETROPACK AG - DIVIDENDS PER SHARE - GROSS;GURIT HOLDING AG - DIVIDENDS PER SHARE - GROSS;PERROT DUVAL HOLDING - DIVIDENDS PER SHARE - GROSS;HUEGLI HOLDING AG - DIVIDENDS PER SHARE - GROSS;SWISS PRIME SITE - DIVIDENDS PER SHARE - GROSS;#ERROR;BKW AG - DIVIDENDS PER SHARE - GROSS;PERROT DUVAL HOLDING - DIVIDENDS PER SHARE - GROSS;KUONI REISEN HLD AG - DIVIDENDS PER SHARE - GROSS;GOLDBACH GROUP AG - DIVIDENDS PER SHARE - GROSS;BVZ HOLDING AG - DIVIDENDS PER SHARE - GROSS;BOBST GROUP SA - DIVIDENDS PER SHARE - GROSS;COMET HOLDING AG - DIVIDENDS PER SHARE - GROSS;CICOR TECHNOLOGIES - DIVIDENDS PER SHARE - GROSS;BONDPARTNERS SA - DIVIDENDS PER SHARE - GROSS;SWISSCOM - DIVIDENDS PER SHARE - GROSS;BOSSARD HOLDING AG - DIVIDENDS PER SHARE - GROSS;BURCKHARDT COMP - DIVIDENDS PER SHARE - GROSS;BURKHALTER - DIVIDENDS PER SHARE - GROSS;SCHAFFNER HOLDING AG - DIVIDENDS PER SHARE - GROSS;CALIDA HOLDING AG - DIVIDENDS PER SHARE - GROSS;LASTMINUTE.COM NV - DIVIDENDS PER SHARE - GROSS;SPICE PRIVATE - DIVIDENDS PER SHARE - GROSS;CEMBRA MONEY BANK AG - DIVIDENDS PER SHARE - GROSS;CHARLES VOG - DIVIDENDS PER SHARE - GROSS;FEINTOOL INT HOLDING - DIVIDENDS PER SHARE - GROSS;LIFEWATCH GMBH - DIVIDENDS PER SHARE - GROSS;CHOCO LINDT & SPRUEN - DIVIDENDS PER SHARE - GROSS;CIE FINANC TRADITION - DIVIDENDS PER SHARE - GROSS;CHOCO LINDT & SPRUEN - DIVIDENDS PER SHARE - GROSS;CIBA HOLDING AG - DIVIDENDS PER SHARE - GROSS;CLARIANT AG - DIVIDENDS PER SHARE - GROSS;GIVAUDAN SA - DIVIDENDS PER SHARE - GROSS;COLTENE HOLDING - DIVIDENDS PER SHARE - GROSS;SWISSQUOTE GROUP - DIVIDENDS PER SHARE - GROSS;KOMAX HOLDING AG - DIVIDENDS PER SHARE - GROSS;COSMO PHARMA - DIVIDENDS PER SHARE - GROSS;SCHWEITER TECH AG - DIVIDENDS PER SHARE - GROSS;INFRANOR INTER AG - DIVIDENDS PER SHARE - GROSS;CREALOGIX HOLDING - DIVIDENDS PER SHARE - GROSS;CARLO GAVAZZI AG - DIVIDENDS PER SHARE - GROSS;CREDIT SUISSE GROUP - DIVIDENDS PER SHARE - GROSS;BYSTRONIC - DIVIDENDS PER SHARE - GROSS;INFICON HOLDING AG - DIVIDENDS PER SHARE - GROSS;KUROS BIOSCIENCE - DIVIDENDS PER SHARE - GROSS;ZURICH INSURANCE - DIVIDENDS PER SHARE - GROSS;MOBIMO HOLDING AG - DIVIDENDS PER SHARE - GROSS;DAETWYLER HOLDING AG - DIVIDENDS PER SHARE - GROSS;DATACOLOR AG - DIVIDENDS PER SHARE - GROSS;DOTTIKON ES HOLDING - DIVIDENDS PER SHARE - GROSS;TX GROUP - DIVIDENDS PER SHARE - GROSS;DUFRY AG - DIVIDENDS PER SHARE - GROSS;DKSH HOLDING AG - DIVIDENDS PER SHARE - GROSS;EDIPRESSE SA - DIVIDENDS PER SHARE - GROSS;EDISUN POWER - DIVIDENDS PER SHARE - GROSS;EFG INTERNATIONAL - DIVIDENDS PER SHARE - GROSS;ST GALLER KANT - DIVIDENDS PER SHARE - GROSS;FLUGHAFEN ZURICH AG - DIVIDENDS PER SHARE - GROSS;TORNOS HOLDING AG - DIVIDENDS PER SHARE - GROSS;EMMI AG - DIVIDENDS PER SHARE - GROSS;LUZERNER KANTONAL - DIVIDENDS PER SHARE - GROSS;EMS-CHEMIE HOLDING - DIVIDENDS PER SHARE - GROSS;LEONTEQ AG - DIVIDENDS PER SHARE - GROSS;DORMAKABA HOLDING - DIVIDENDS PER SHARE - GROSS;NOVARTIS - DIVIDENDS PER SHARE - GROSS;SYNGENTA AG - DIVIDENDS PER SHARE - GROSS;ROCHE HOLDING AG - DIVIDENDS PER SHARE - GROSS;TECAN GROUP AG - DIVIDENDS PER SHARE - GROSS;ENERGIEDIENST HLDG - DIVIDENDS PER SHARE - GROSS;VIFOR PHARMA AG - DIVIDENDS PER SHARE - GROSS;GAM HOLDING AG - DIVIDENDS PER SHARE - GROSS;HOLCI - DIVIDENDS PER SHARE - GROSS;GEBERIT AG - DIVIDENDS PER SHARE - GROSS;THE SWATCH GROUP - DIVIDENDS PER SHARE - GROSS;MYRIAD GROUP - DIVIDENDS PER SHARE - GROSS;THE SWATCH GROUP - DIVIDENDS PER SHARE - GROSS;AEVIS VICTORIA - DIVIDENDS PER SHARE - GROSS;GROUPE MINOTERIES SA - DIVIDENDS PER SHARE - GROSS;KUDELSKI SA - DIVIDENDS PER SHARE - GROSS;STRAUMANN HOLDING AG - DIVIDENDS PER SHARE - GROSS;LUMX GROUP LTD - DIVIDENDS PER SHARE - GROSS;VONTOBEL HOLDING AG - DIVIDENDS PER SHARE - GROSS;GLARNER KANT - DIVIDENDS PER SHARE - GROSS;TEMENOS AG - DIVIDENDS PER SHARE - GROSS;HELVETIA HOLDING - DIVIDENDS PER SHARE - GROSS;GLOBAL NATURAL RES - DIVIDENDS PER SHARE - GROSS;HOCHDORF HOLDING AG - DIVIDENDS PER SHARE - GROSS;SONOVA HOLDING AG - DIVIDENDS PER SHARE - GROSS;GOLAY BUCHEL HOLDING - DIVIDENDS PER SHARE - GROSS;GOLAY BUCHEL HOLDING - DIVIDENDS PER SHARE - GROSS;HUBER+SUHNER AG - DIVIDENDS PER SHARE - GROSS;HIAG IMMOBILIEN - DIVIDENDS PER SHARE - GROSS;LONZA GROUP AG - DIVIDENDS PER SHARE - GROSS;SKAN GROUP AG - DIVIDENDS PER SHARE - GROSS;IMPLENIA AG - DIVIDENDS PER SHARE - GROSS;SIEGFRIED HOLDING AG - DIVIDENDS PER SHARE - GROSS;HARWANNE CIE - DIVIDENDS PER SHARE - GROSS;VALIANT HOLDING - DIVIDENDS PER SHARE - GROSS;SWISS LIFE HOLDING - DIVIDENDS PER SHARE - GROSS;INTERSHOP HOLDING AG - DIVIDENDS PER SHARE - GROSS;JUNGFRAUBAHN - DIVIDENDS PER SHARE - GROSS;INTL MINERALS CORP - DIVIDENDS PER SHARE - GROSS;PSP SWISS PROPERTY - DIVIDENDS PER SHARE - GROSS;IVF HARTMANN HLDG - DIVIDENDS PER SHARE - GROSS;JULIUS BAER - DIVIDENDS PER SHARE - GROSS;YPSOMED HOLDING AG - DIVIDENDS PER SHARE - GROSS;WAADT VERSICHERUNGEN - DIVIDENDS PER SHARE - GROSS;KARDEX HOLDING - DIVIDENDS PER SHARE - GROSS;JELMOLI HOLDING AG - DIVIDENDS PER SHARE - GROSS;MICRONAS SEM - DIVIDENDS PER SHARE - GROSS;LEM HOLDING SA - DIVIDENDS PER SHARE - GROSS;SWISSLOG HOLDING AG - DIVIDENDS PER SHARE - GROSS;PARGESA HOLDING SA - DIVIDENDS PER SHARE - GROSS;KUEHNE UND NAG - DIVIDENDS PER SHARE - GROSS;LECLANCHE SA - DIVIDENDS PER SHARE - GROSS;PARTNERS GR - DIVIDENDS PER SHARE - GROSS;SCHINDLER HOLDING AG - DIVIDENDS PER SHARE - GROSS;LIECHTENSTEIN LANDBK - DIVIDENDS PER SHARE - GROSS;SCHINDLER HOLDING AG - DIVIDENDS PER SHARE - GROSS;#ERROR;MOBILEZONE HOLDING - DIVIDENDS PER SHARE - GROSS;LENZERHEIDE BERGBA - DIVIDENDS PER SHARE - GROSS;LOGITECH INTERNAT - DIVIDENDS PER SHARE - GROSS;NORINVEST HOLDING - DIVIDENDS PER SHARE - GROSS;ROMANDE ENERGIE - DIVIDENDS PER SHARE - GROSS;LOOSER HOLDING AG - DIVIDENDS PER SHARE - GROSS;SANTHERA PHARMA - DIVIDENDS PER SHARE - GROSS;MCH GROUP AG - DIVIDENDS PER SHARE - GROSS;REPOWER AG - DIVIDENDS PER SHARE - GROSS;LO HLDG LAUSANNE-OUC - DIVIDENDS PER SHARE - GROSS;METALL ZUG AG - DIVIDENDS PER SHARE - GROSS;MEYER BURGER TECH - DIVIDENDS PER SHARE - GROSS;MINDSET HOLDING AG - DIVIDENDS PER SHARE - GROSS;VZ HOLDING AG - DIVIDENDS PER SHARE - GROSS;SF URBAN PROP - DIVIDENDS PER SHARE - GROSS;U-BLOX HOLDING AG - DIVIDENDS PER SHARE - GROSS;LALIQUE GROUP - DIVIDENDS PER SHARE - GROSS;ORASCOM DEVELOPMENT - DIVIDENDS PER SHARE - GROSS;TECHNOMAG AG - DIVIDENDS PER SHARE - GROSS;SCHWEIZERISCHE NAT - DIVIDENDS PER SHARE - GROSS;SULZER AG - DIVIDENDS PER SHARE - GROSS;NESTLE SA - DIVIDENDS PER SHARE - GROSS;BB BIOTECH AG - DIVIDENDS PER SHARE - GROSS;NEWAVE ENERGY HOLD - DIVIDENDS PER SHARE - GROSS;NEWRON PHARMA - DIVIDENDS PER SHARE - GROSS;ZUBLIN IMMOBILIEN - DIVIDENDS PER SHARE - GROSS;NOBEL BIOCARE HLDG - DIVIDENDS PER SHARE - GROSS;ZUR ROSE GROUP AG - DIVIDENDS PER SHARE - GROSS;FUNDAMENTA REAL - DIVIDENDS PER SHARE - GROSS;RELIEF THERAPEUT - DIVIDENDS PER SHARE - GROSS;ORIDION SYSTEMS - DIVIDENDS PER SHARE - GROSS;ORIOR AG - DIVIDENDS PER SHARE - GROSS;SPEXIS AG - DIVIDENDS PER SHARE - GROSS;PEACH PROPERTY - DIVIDENDS PER SHARE - GROSS;POENINA HOLDING AG - DIVIDENDS PER SHARE - GROSS;PETROPLUS HOLDINGS - DIVIDENDS PER SHARE - GROSS;PRECIOUS WOODS HLDG - DIVIDENDS PER SHARE - GROSS;PUBLIGROUPE SA - DIVIDENDS PER SHARE - GROSS;SWISS RE - DIVIDENDS PER SHARE - GROSS;COMPAGNIE FINAN - DIVIDENDS PER SHARE - GROSS;UBS AG - DIVIDENDS PER SHARE - GROSS;ZUG ESTATES - DIVIDENDS PER SHARE - GROSS;EDMOND DE ROTHSCHILD - DIVIDENDS PER SHARE - GROSS;MEIER T - DIVIDENDS PER SHARE - GROSS;NOVAVEST REAL - DIVIDENDS PER SHARE - GROSS;QUADRANT AG - DIVIDENDS PER SHARE - GROSS;TIDER AG - DIVIDENDS PER SHARE - GROSS;BANK J SAFRA - DIVIDENDS PER SHARE - GROSS;GATEGROUP HOLDING AG - DIVIDENDS PER SHARE - GROSS;THURGAUER KANTONAL - DIVIDENDS PER SHARE - GROSS;SHL TELEMEDICINE - DIVIDENDS PER SHARE - GROSS;SFS GROUP AG - DIVIDENDS PER SHARE - GROSS;TRANSOCEAN LTD - DIVIDENDS PER SHARE - GROSS;BERGBAHNEN TITLIS AG - DIVIDENDS PER SHARE - GROSS;UBS GROUP AG - DIVIDENDS PER SHARE - GROSS;MOLECULAR PARTNERS - DIVIDENDS PER SHARE - GROSS;SNOWCLIFF LTD - DIVIDENDS PER SHARE - GROSS;SOCIETA ELETTRICA - DIVIDENDS PER SHARE - GROSS;ZEHNDER GROUP AG - DIVIDENDS PER SHARE - GROSS;SUNRISE COMMUN - DIVIDENDS PER SHARE - GROSS;PLAZZA AG - DIVIDENDS PER SHARE - GROSS;VARIA US PROP - DIVIDENDS PER SHARE - GROSS;VAT GROUP - DIVIDENDS PER SHARE - GROSS;SUNSTAR HOLDING AG - DIVIDENDS PER SHARE - GROSS;WISEKEY INTERN - DIVIDENDS PER SHARE - GROSS;BLACK - DIVIDENDS PER SHARE - GROSS;INVESTIS HOLDING SA - DIVIDENDS PER SHARE - GROSS;SIA ABRASIVES - DIVIDENDS PER SHARE - GROSS;OBSEVA SA - DIVIDENDS PER SHARE - GROSS;GALENICA AG - DIVIDENDS PER SHARE - GROSS;#ERROR;IDORSIA LTD - DIVIDENDS PER SHARE - GROSS;SYNTHES INC - DIVIDENDS PER SHARE - GROSS;LANDIS+GYR GROUP AG - DIVIDENDS PER SHARE - GROSS;MEDARTIS HOLDING AG - DIVIDENDS PER SHARE - GROSS;ASMALLWORLD AG - DIVIDENDS PER SHARE - GROSS;SENSIRION HOLDING AG - DIVIDENDS PER SHARE - GROSS;KLINGELNBERG AG - DIVIDENDS PER SHARE - GROSS;ALCON AG - DIVIDENDS PER SHARE - GROSS;SIG GROUP AG - DIVIDENDS PER SHARE - GROSS;ALUFLEXPA - DIVIDENDS PER SHARE - GROSS;USTER TECH - DIVIDENDS PER SHARE - GROSS;TEC-SEM - DIVIDENDS PER SHARE - GROSS;VICTORIA-JUNGFRAU - DIVIDENDS PER SHARE - GROSS;VP BANK AG - DIVIDENDS PER SHARE - GROSS;MEDACTA GROUP SA - DIVIDENDS PER SHARE - GROSS;CASSIOPEA - DIVIDENDS PER SHARE - GROSS;#ERROR;SOFTWAREONE HOLDING - DIVIDENDS PER SHARE - GROSS;WEATHERFORD INTERNTL - DIVIDENDS PER SHARE - GROSS;ACHIKO AG - DIVIDENDS PER SHARE - GROSS;INA INVEST - DIVIDENDS PER SHARE - GROSS;V-ZUG HOLDING AG - DIVIDENDS PER SHARE - GROSS;POLYPEPTIDE - DIVIDENDS PER SHARE - GROSS;#ERROR;WINTERTHUR TECH - DIVIDENDS PER SHARE - GROSS;MEDMIX AG - DIVIDENDS PER SHARE - GROSS
1999;0;0,595;0;0;0;0,894;0,21;1,08;0;0;NA;9;0,84;78,151;15;7,254;17;NA;80;0;19,651;6;0;0;0,75;1,2;NA;0;0,9;0,686;7,697;0,382;NA;NA;NA;5,917;11,339;5,448;0,643;3;36,83;NA;7,231;NA;0,129;NA;0,878;2,4;0,88;0,14;7;6;23,59;6,331;6;41,491;NA;10;1,684;0;5;0;1,954;1,728;15,161;1,989;3,5;0,71;7,179;0,654;5;0;0;NA;0;NA;20;2,5;1,7;0,2;0,775;12,5;3,5;NA;$$ER: E100,NO WORLDSCOPE DATA FOR THIS CODE;0,25;12,5;10,783;NA;6;1,25;NA;NA;42;14,157;0,783;NA;NA;4;0;NA;NA;NA;3;1,149;0;360;1,093;360;2;0,888;NA;NA;NA;1,453;NA;15,158;2,8;NA;0;1,487;23,901;NA;NA;NA;NA;0,777;32;NA;NA;NA;NA;4,5;NA;NA;NA;1,096;0;NA;6;0;NA;2,916;0,778;0;1;0,25;0,8;2,5;0,613;0,142;0,766;1,2;NA;1,2;NA;2;0;0,05;NA;2;NA;0;1,459;0;NA;0,09;54;54;0,556;NA;0,926;NA;NA;1,25;0,105;1,459;7,064;12,5;0,882;0;0;NA;NA;NA;5;3,002;44;0;NA;0,273;1,48;0,45;0,244;NA;0,45;1,5;0,45;$$ER: E100,NO WORLDSCOPE DATA FOR THIS CODE;0;NA;0;NA;NA;NA;NA;NA;1,48;NA;16,721;NA;0;NA;NA;NA;NA;NA;0,2;0,857;0;0,43;0;NA;NA;12,67;0,075;NA;NA;NA;NA;NA;NA;NA;NA;NA;NA;25;2,488;0,321;0,815;NA;270;0,6;NA;0;NA;0,75;NA;NA;NA;NA;0,172;0,303;0,815;NA;0,32;6;0,7;NA;NA;NA;NA;40;NA;NA;NA;6;NA;NA;$$ER: E100,NO WORLDSCOPE DATA FOR THIS CODE;NA;0,3;NA;NA;NA;NA;NA;NA;2,5;NA;NA;NA;6;0,225;NA;NA;$$ER: 4540,NO DATA VALUES FOUND;NA;0;NA;NA;NA;NA;$$ER: 4540,NO DATA VALUES FOUND;NA;NA
2000;0;0,595;0;0;0;0,894;0,23;1,6;0;0,277;NA;10;10;83,035;15;8,705;17;NA;80;0;21;6,25;0;0;0,8;1,35;NA;0;0,45;0,735;7,697;0;NA;NA;NA;0;0;5,944;0,643;3;41,433;NA;7,231;NA;0,149;NA;0,878;2,4;1,8;0,15;7,5;6;28,505;6,331;6;46,101;NA;6;1,871;0;3,609;0;1,954;1,728;15,161;2,249;3,5;0,743;8,232;0,699;5;0;0;NA;0;NA;21,25;2,5;1,7;0,2;1,033;13;4,5;0;;0,25;13;11,081;NA;7;1,25;0,446;0;42;17,932;0,783;NA;NA;5;0;NA;0;NA;3;1,622;0;80;1,312;80;2;0,977;6,142;NA;0;1,744;NA;1,705;3,1;0;40;0;10,755;0;NA;13,13;NA;0,874;20;NA;4,2;NA;NA;4,5;NA;NA;7,972;1,096;0;NA;6;0;NA;3,639;0,85;0;1,15;0,35;0,8;2,8;1,008;0,805;0,958;2,75;NA;2,75;0;2;0;0,05;NA;2;NA;0;6,384;0;NA;0,12;54;54;0,618;NA;1,389;NA;NA;1,25;0,105;1,54;8,348;37,5;0,98;0;1;6,3;NA;NA;5,5;2,8;46;0;1,87;1,366;1,5;0,45;0,244;NA;0,5;1,8;0,5;;0;NA;0;NA;3,75;NA;NA;NA;1,48;8,831;17,213;NA;0;NA;NA;NA;NA;NA;4;1,048;2;0,55;0;NA;NA;12,67;0,082;NA;NA;NA;NA;NA;NA;NA;NA;NA;0;25;2,488;0,384;0,711;NA;320;0,75;NA;0;0;1;NA;NA;0;NA;0,172;0,303;0,711;NA;0,34;6;0,975;NA;NA;NA;NA;45;NA;NA;NA;6,75;NA;NA;;NA;0,6;NA;NA;NA;NA;NA;NA;17,5;NA;NA;0;7;6;NA;NA;;NA;0;NA;NA;NA;NA;;NA;NA
2001;0;0;0;0;0;0,894;0,23;1,6;0;0,277;NA;10;1;83,035;15;8,705;17;NA;80;0;21;6,5;2,681;0;0,85;1,35;NA;NA;0,5;0,343;8,659;0,382;NA;NA;NA;0;0;0;0;3;29,464;NA;0;NA;0,149;NA;0,878;2,4;0;0,14;8,5;8;5,898;6,526;7;50,711;NA;12;1,895;0;0;0,6;3;0;15,161;2,436;0;0,929;8,232;1,668;0;0;0;NA;0;NA;21,25;2,5;1,7;0,2;1,033;13,5;5;1,456;;0,575;13,5;0;NA;8;2,25;0,198;0;40;18,251;0;NA;NA;3,5;0;NA;0;NA;0;1,622;0;90;1,749;90;2;0,266;6,615;NA;0;0,969;NA;0;3,1;0;5;1,699;9,56;0;0;6,125;NA;0,874;12;NA;1,5;NA;NA;4,5;NA;NA;7,972;0;0;NA;6,5;0;NA;3;0,9;0,8;1,3;0,45;0,8;3;0,593;0,164;0,958;1;NA;1;0;2;0;0,06;NA;1,5;NA;0;1,596;0;NA;0;0;0;0,124;NA;1,76;NA;NA;0;0,05;1,54;0;0;0,98;0;1,25;0,7;NA;NA;5,5;0;46;0;2,493;0;1,6;0,58;0;NA;0,5;1,8;0,5;;0;NA;0;NA;3;NA;NA;0,471;1,48;0;17,213;NA;0;NA;NA;NA;NA;NA;2,5;1,095;0;0,64;0;NA;NA;19,004;0,095;NA;NA;NA;NA;NA;NA;NA;NA;NA;0;0;2,5;0,462;0,889;NA;320;0,6;NA;0;0;0,75;NA;NA;0;NA;0,172;0,303;0,889;NA;0,38;6;0,975;NA;NA;NA;NA;47,5;NA;NA;NA;6,75;NA;NA;;NA;0,7;NA;NA;NA;NA;NA;NA;2,5;NA;NA;0;6;4,54;NA;NA;;NA;0;NA;NA;NA;NA;;NA;NA
2002;0;0;0;0;0;1,073;0,24;1,6;0;0,277;NA;10;0,6;83,035;15;8,705;17;NA;85;0;21;6,25;4,022;0;0,75;1,35;NA;0;0,7;0;8,659;0,382;NA;NA;NA;0;0;3;0;1,5;1123,304;1,2;0;NA;0,109;NA;0;0,4;1;0,05;8,5;8;5,898;6,721;7;52,555;0;12;1,928;0;0;0,6;3;0;15,999;2,712;0;1,207;8,37;2,116;0;0,471;0;NA;0;NA;21,25;2,5;1,7;0,2;1,033;15,384;5;0;;0,67;15,384;2,77;NA;8;1,65;0,298;0;40;18,605;0,368;NA;NA;0;0;NA;0;NA;0;0,541;0;110;2,624;110;3;0;7,654;NA;0;0,984;NA;0;0;0;0;0,09;5,975;0;0;1;NA;0,485;0;NA;1,5;NA;NA;4,5;NA;0;7,972;0;0;NA;6,5;7,03;NA;3;0,95;0,85;1,45;0,45;0,8;0,33;0,508;0,837;1,372;1,1;0;1,1;0;2,2;0;0,11;NA;0,75;NA;0;0,365;0;NA;0,12;0;0;0;NA;1,76;NA;NA;5;0,05;1,864;0;0;0,98;0;1,5;0,7;NA;NA;0;0;32;0;3;0;1,72;0,6;0;NA;0;1,8;0;;0;NA;0;NA;4;NA;NA;0,353;1,48;0;17,213;NA;0;NA;NA;NA;NA;NA;2,5;0,548;0,6;0,7;0;NA;NA;24,145;0,158;NA;NA;NA;NA;NA;NA;NA;NA;NA;0;0;1;0,538;0,889;NA;320;0,65;NA;0;0;0,25;NA;NA;0;NA;0,086;0,303;0,889;NA;0,4;6;0,825;NA;NA;NA;NA;25;NA;NA;NA;6,75;NA;NA;;NA;0,7;NA;NA;NA;NA;NA;NA;1;NA;NA;0;5;1,5;NA;NA;;NA;0;NA;NA;NA;NA;;0;NA
2003;0;0;0;0;0;1,117;0,25;2;0;0,277;NA;10;0,7;85;15;10,156;17;NA;85;0;22;25;4,15;0;0,85;1,35;NA;0;0,5;0;8,659;0,382;NA;NA;NA;0;5;4;0;1,5;0;1,2;0;NA;0,22;NA;0;0,6;1;0,06;6;8;8,846;6,818;7;55,321;0;12;1,938;0;0;0,6;3,5;0,2;5,818;2,806;0;1,393;8,37;2,622;0;0,565;0,022;NA;0;0;22,5;0;1,7;0,25;1,033;0;5,5;2,273;;1,5;0;6,464;NA;8;1;0,099;0;42;13;0,368;NA;NA;0;0,15;NA;0;NA;1;0;0;140;4,549;140;3;0,178;14,552;0;0;1,5;NA;2,842;0;0;0;0,458;4,78;0;0;2,5;5,776;0,485;28;NA;0;NA;NA;5,5;0;0;8,47;0;0;1,3;6,5;7,4;NA;3;1;1,7;1,65;0,45;0,8;0,36;0,508;0,986;1,7;1,45;0;1,45;0;2,5;0;0,155;NA;1,1;NA;0;0,73;0;19,462;0,12;0;0;0,124;NA;1,204;NA;NA;5;0,05;2;0;7,5;0,98;0;6,6;0,735;NA;NA;2,5;0,6;32;0;0;0;1,84;0,7;0;0;0,6;1,9;0,6;;0;NA;0;NA;8;NA;0;0,235;3;8,831;19,672;NA;0;NA;NA;NA;NA;NA;4;1;0,6;0,72;0,5;NA;NA;25,339;0,26;NA;NA;NA;0;NA;NA;NA;NA;NA;0;0;1,1;0,472;1,156;NA;330;0;NA;0;0;0,5;NA;NA;0;NA;0;0,364;1,156;NA;0;6;1,1;NA;NA;NA;NA;25;NA;NA;NA;6,75;NA;NA;;NA;0,7;NA;NA;NA;NA;NA;NA;1;NA;NA;0;0;5;NA;NA;;NA;0;NA;NA;NA;NA;;0;NA
2004;0;0;0;0,579;0;1,162;0,28;2;0;0;NA;10;1;85;15;10,156;20;0;90;0;23;6,25;4,15;0;1;1,35;NA;0;0,7;0,5;8,659;0,954;NA;NA;NA;0,5;5;4;0,275;2,5;0;2,4;0;NA;0,24;NA;0;1,1;1,4;0,07;5;8;11,795;0;7;57,165;0;10;2,138;0;0;0,75;4;0,3;0;2,899;0;1,393;9,733;2,622;0;4,712;0,055;0;0;0;25;0;1,7;0,28;1,033;5;8,5;2,273;;1,8;5;6,464;0;8;1,25;0,199;0;40;14;0,829;NA;NA;2;0,25;NA;0;NA;1;0,541;0;180;5,459;180;3;0,25;15,403;0;0;2;NA;5,684;1;0;2;1,373;7,17;0;0;4;7,426;0,534;15;NA;1,5;NA;NA;5,5;0;0;8,969;0;0;1,6;7;4;NA;4;1,05;2,7;2;0,45;1;0,39;0,678;1,071;2,2;1,75;0;1,75;0;2,8;0,2;0,2;NA;1,2;NA;0;1,1;0;21,154;0,2;0;0;0,494;NA;1,204;NA;NA;3,5;0,05;2,2;4;10;0,98;0;1,98;0,77;NA;0;2,5;0,74;32;0;0;0;2;0,9;0;0;0,7;2,2;0,7;;0;NA;0;NA;12;NA;0;0,314;4;10;24,59;NA;0;NA;NA;0;NA;NA;4,5;1,048;0,9;0,8;0,48;0;NA;27,595;0,53;NA;NA;NA;0;NA;NA;NA;NA;NA;0;9;1,6;0,623;1,334;NA;420;0;NA;0;0;0,6;NA;NA;0;NA;0;0,454;1,334;NA;0,7;6;1,25;NA;NA;NA;NA;25;NA;NA;NA;8;NA;NA;;NA;0,7;NA;NA;NA;NA;NA;NA;1;NA;NA;0;0;6;NA;NA;;NA;0;NA;NA;NA;NA;;0;NA
2005;0;0,12;0;0,8;0;1,229;0,32;2;0;0;NA;12;1;85;15;10,156;24;0;90;0;26;6,25;4,521;0;1,5;1,75;NA;0;0,7;0,75;8,946;0,954;NA;NA;NA;1,5;5;4;0,28;2,75;0;2;0;NA;0,3;NA;0;2,2;2,1;0,07;1;8;30,471;8;8;57,165;0;10;2,238;0;0;0,75;3;0,45;0;3,421;0;0;9,733;2,622;0;1,885;0,077;0;0;0;27;0;1,7;0,32;1,033;0;10,5;2,71;;2,5;0;12,928;0;8;1,4;0,298;0;41;16;1,059;0;NA;0;0,25;NA;0;NA;2;1,081;0;225;5,459;225;3;0,25;16,631;0;0,099;2;NA;2,842;0;0;5;1,831;9,56;5;0;7;7,426;0,874;55;0;2,5;0;NA;5,5;0;0;12,955;0,199;0;2,6;8;5;NA;4,8;1,15;3,3;2,5;0,45;0;0,43;0,5;1,414;2,5;2,5;0;2,5;0;3;0,3;0,25;NA;1,6;NA;0;1,8;0;19,462;0,3;0;0;0,742;NA;1,204;NA;NA;4,2;0,05;2,5;5;20;1,176;0;2,1;0,77;NA;0,892;3;0,75;32;0;0;0;2,15;0,22;0;0;0,9;2,8;0,9;;0,237;NA;0;0;15;0;0;0,392;4,5;10;31,967;NA;0;NA;NA;0;NA;0;6;1,095;1,4;0,9;0,36;0;NA;31,044;0,7;NA;NA;NA;0;NA;NA;NA;NA;0;0;11;2,5;1,541;1,423;NA;600;1;NA;0;0;0,9;NA;NA;0;NA;0;0,375;1,423;NA;0,8;6;1,15;NA;NA;NA;NA;30;NA;NA;NA;10;NA;NA;;NA;0,7;NA;NA;NA;NA;NA;NA;0;NA;NA;0;0;7,5;NA;NA;;NA;0;NA;NA;NA;NA;;0,68;NA
2006;0;0,24;0;1;0;1,341;0,52;2;0;0;0;12;1,2;100;15;4,352;26;0;95;0;28;10,4;4,709;0;1,5;2;NA;0;0,7;1,25;8,946;1,363;NA;NA;NA;2,5;5;6;0;2,75;0;3;0;NA;0,4;NA;1;3,8;2,5;0,07;0,9;9;20;10,5;0;57,165;0;10;2,337;0;0;1,05;4,5;0,7;6;3,714;0;0;14,599;2,884;0;4,712;0,137;0;0;0;30;0;1,8;0,32;1,3;5;10,5;3;;2,7;5;13,851;0;8,5;1,9;0,199;0;42;17;0,783;0;NA;0;0,25;NA;0;NA;2;1,352;0;275;6,369;275;3;0,25;17,765;1,589;0,2;3,4;NA;5,684;1;0;0;2,051;10,755;6;0;11;8,791;1,699;80;0,789;3;0,926;NA;5,5;0;0,297;29,895;0,6;0;2,6;9;8;NA;5,1;1,35;1,6;3,4;0,9;0;0,5;0,5;1,742;4;3,5;0;3,5;0;3;0,3;0,3;NA;2;NA;0;2,7;0;2,031;0,5;62,52;62,52;1,088;NA;1,389;NA;0,35;4,2;0,05;1,4;7;12;1,274;0;2,2;0,805;NA;1,25;4;0;50;0,95;2,5;0;2,37;1,5;0;2,65;1,3;3,2;1,3;;0,284;0,4;0;0;18;0;0;0,392;4,5;10;44,262;0;0;NA;NA;0;NA;0;6;1,19;2,3;1,04;0,4;0;0;36,013;0,85;NA;NA;0;0;NA;NA;NA;NA;0;0;12;3,4;1,723;1,957;NA;900;1;NA;0;0;0,9;0;NA;0;NA;0;0,5;1,957;NA;1,2;6;1,25;NA;NA;NA;NA;30;NA;NA;NA;12;NA;NA;;NA;0,75;NA;NA;NA;NA;NA;NA;5;NA;0;0;5;10;NA;NA;;NA;0;NA;NA;NA;NA;;0,997;NA
2007;0;0,48;0,203;0;0;1,43;0,75;2,2;0;0;0;12;1,5;130;15;7;29;0;105;0;30;8,8;4,768;0;2,25;2,25;NA;0;0,7;1,25;8,946;1,403;NA;NA;NA;2,5;7,5;9;0;2,75;0;3,2;0;0;0,6;NA;1,8;4,5;5;0;0,9;10;35;11,5;0;57,165;0;10;2,983;0,1;0;1,5;5;1,4;10;4,007;0;0,929;14,599;3,496;0;5,654;0,137;0;0;0;35;10,5;1,8;0,7;0,65;7,5;11;3,291;;2,7;7,5;15,698;0,38;8,5;3,5;0,3;0;40;18;1,382;3;NA;0;0,4;NA;0;NA;2;1,014;0;330;7,279;330;2,5;0,25;18,427;4,271;0,4;3,5;0;8,526;1,5;0;7;2,289;16,73;8;0;15;8,791;4,806;90;0,789;4;0,926;NA;5,5;0;0,347;25,909;0,9;0,5;2,6;10;7,25;NA;6,5;1,6;4,8;4,6;0,9;0;0,6;0,5;2,875;5,2;4,25;0;4,25;0;3,5;0,3;0,375;0,432;2;NA;0;3;0;4,062;0,75;62,6;62,6;1,25;NA;1,621;NA;0,5;4,2;0,05;3,1;17;20;1,373;0;2,4;0,98;NA;1,25;5;0;50;0;4,5;0;2,62;1,9;0;4,25;1,6;3,4;1,6;;0,312;0,4;0;0;20;0;0;0,392;5,5;10;44,262;0;0;0,3;NA;0;NA;0;4,5;0,857;2,8;1,22;0,18;0;0;36,692;0,95;NA;NA;0;0;0;NA;NA;NA;0,923;0;13;4;2,067;0;NA;1200;1;NA;0;0;1,35;0;NA;0;NA;0;0,625;0;NA;1,3;6;1,125;NA;NA;NA;NA;35;NA;NA;NA;12;NA;NA;;NA;0,9;NA;NA;NA;NA;NA;NA;NA;NA;0;0;6;11;NA;NA;;NA;0;NA;NA;NA;NA;;0,85;NA
2008;0;0,48;0,038;0;0;1,519;0,75;2,5;0;0;0;12;1,5;175;15;0;32;0;110;0;30;4,4;4,768;0;2;1,75;NA;0;0;0,25;8,946;0,702;NA;NA;0;3;0;10;0;0,5;0;1,9;0;0;0,64;NA;2;4,5;4,5;0;0,25;11;50;11,5;0;57,165;0;5;2,983;0,2;0;1,54;8;2;3,9;4,4;0;0,929;0;3,496;0;3,77;0,055;0;0;0;35;5;1,8;0,7;1,3;3,346;2,5;3,291;;2,3;3,346;9,234;0,57;9;0;0,3;0;0;19;1,474;6;0;3;0,4;NA;0;NA;0,5;0,879;0;360;7,279;360;0;0;9,596;4,271;0,4;2;0;8,526;2;0;10;0,092;14,34;6;0;11;8,791;1,748;30;0;3;0;NA;5,5;0;0,248;19,93;1;0;2,6;10;5;NA;7,8;2;6;5;0,9;1,4;0,7;0,5;2,143;5,4;4,25;0;4,25;0;4;0,15;0,375;0,649;1,2;NA;0;2,7;0;3;1;0;0;1;NA;1,621;NA;0,5;2,1;0;3,1;5;20;1,373;0;2,5;1,155;NA;0,6;6;0;10;0;7;0,02;2,62;2,3;0;4,25;2;3,4;2;;0,312;0,4;0;0;22;0;0;0,392;7;10;44,262;0;0;0,3;0;0;NA;0;0;0;2,8;1,4;0,36;0;0;36,692;0,55;NA;NA;0;0;0;NA;NA;NA;0,554;0;3,5;0,1;1,264;0;NA;1200;0,4;NA;0;0;0,65;0;NA;0;NA;0;0,625;0;NA;1,5;6;0,107;NA;NA;NA;NA;40;NA;NA;NA;NA;NA;NA;;NA;1,1;NA;NA;NA;NA;NA;NA;NA;NA;0;0;5;2,5;NA;NA;;NA;0;NA;NA;NA;NA;;0,3;NA
2009;0;0,51;0;0;0;1,698;0,75;2,5;0;0;0;0;0,75;175;15;0;35;0;110;0;33;0;4,768;0;2;1,5;NA;0;0,7;0;9,94;0;NA;NA;0,075;3,25;12,5;10;0;0,5;0;0;0;0;0,6;NA;1,5;4,5;2;0;0;11;60;12,5;0;59,932;0;7;3,282;0,1;0;1,54;2,5;3,1;6;4,8;0;0,929;0;3,496;0;3,77;0;0;0;0;35;0;1,8;0,7;1,5;0;13,5;3,387;;2,5;0;7,387;0,63;9;0;0,05;0;40;20;0,691;6;0;3,5;0;NA;0;0;0;0;0;400;7,344;400;NA;0;20,6;3,079;0,6;0;0;8,526;0;0;5;1,831;7,17;4;0;16;0;1,165;3;0;1,5;0;NA;5,5;0;0,099;19,93;1;0;3;11;5;0;4,7;2,1;6;6;1;1,4;0,75;0;1,429;5,4;4;0;4;0;4,5;0,3;0,375;0,115;1,4;NA;0;2,9;0;3;1;NA;NA;0,8;NA;1,621;NA;0,7;0;NA;3,2;2,4;20;1,6;0;2,7;1,37;0,391;0;6;0;NA;0;10;0,02;2,72;2,3;0;4,5;2;3,4;2;;0,521;0,4;0;0;22;0;0;0,392;8;NA;44,262;0;0;0,34;0;0;NA;0;NA;1,25;2,8;1,6;0,74;1;0;0;0,55;NA;NA;0;0;0;NA;0;NA;0;0;0;1;0,3;0;NA;900;0;NA;NA;NA;0,9;0;NA;0;NA;0;0,75;0;NA;1,5;6;1,3;NA;NA;NA;NA;35;NA;NA;NA;NA;NA;NA;;NA;1,35;NA;NA;NA;NA;NA;NA;NA;NA;0;NA;0;3,5;NA;NA;;NA;0;NA;NA;NA;NA;;0,1;NA
2010;0;0,6;0,07;0;0;1,922;0,75;2,5;0;0;0;12;1,1;175;15;0;38;3;110;0;33;0;5,387;0;2,75;0;NA;0;0;0,5;11,431;0,369;NA;0;0,102;2,25;5;13;0,25;0,5;0;0;0;NA;0,5;0;1;4,5;3;0;3,4;14;65;0;0;61,776;0;10;3,282;0;0;1,7;2,5;3,2;12;5,1;0;0;0;4,37;0;3,77;0;0,879;0;NA;37;0;1,8;0,6;1,5;0;15,5;3,387;;2,5;0;2,309;0,71;9;0;0,35;0;25;12;2,764;5;2,349;4,5;0;NA;0;0;0;0;0;450;4,59;450;NA;0;21,5;1,738;0,6;2;0;9,474;0;0;5;1,19;9,56;10;0;17;0;2,136;12;0;4;0;NA;5,5;0;0,099;10,962;1,4;0;3,4;11;6,5;0;7;2,2;7;6,6;1;1,5;0,8;0,5;1,429;6;5;0;5;0;5;0,3;0,19;0;1,4;NA;0;3,2;NA;3;1,2;NA;NA;1,5;NA;1,992;NA;0;0;NA;3,2;4,5;20;1,6;0;2,8;1,55;0,586;0;7;0;NA;0;5;0;2,72;2,75;0;5;2;3,4;2;;0,45;NA;0;0;25;1,6;0;0,392;8;NA;54,098;0;0;0,46;0;0;NA;0,615;NA;1,5;3;1,85;0,64;1;0;0;0,35;NA;NA;0;NA;0;NA;1;NA;0;0;6;2,75;0,35;0;NA;775;2;NA;NA;NA;0,9;0;NA;2,324;NA;0;0,75;0;NA;NA;6;0,625;NA;NA;NA;NA;20;NA;NA;NA;NA;NA;NA;;NA;1,8;NA;NA;NA;NA;NA;NA;NA;NA;1,2;NA;0;3,5;NA;NA;;NA;0;NA;NA;NA;NA;;NA;NA
2011;0;0,65;0,087;0;0;2,1;0,75;1;0,8;0,2;0;12;1,8;175;15;0;38;1;110;0;33;7;5,387;0;2,5;0,65;NA;0;0,7;0,75;11,431;0;NA;0;0,121;2,25;0;13;0,25;0;0;2;0;NA;0,3;0;1,2;4,5;4;0;4;16;65;15,5;0;62,698;0;10;3,282;0;0,12;1,7;2;3,2;12;5,3;0;0;6;5,244;0;3,138;0,025;1,123;2;NA;NA;7;0;0,7;1,5;0;15,5;3,484;;1;0;3;0,71;9;0;0,4;0;20;22;2,764;5;3,132;0;0,8;NA;0;0;0;0,541;0;500;3,672;500;NA;0;22;1,093;1,04;4;0;49,263;0,5;15;8;0,687;51,864;14;0;17;8,891;2,136;10;0;5,75;0;NA;NA;0;0,099;8,969;1,9;0;3,4;11;7;0;14;2,25;8;6,8;1,25;1,5;0,9;0,5;0,952;6,3;5,75;0;5,75;0;5;0,1;0,22;0;1,1;NA;0;3,2;NA;3;1,2;NA;NA;0,95;NA;1,992;NA;1,1;1;NA;3,2;4,5;20;1,8;0;3;0;0,586;0,2;9;0;NA;0,05;40;0,04;2,57;3,85;0;5,5;2;0,3;2;;0,568;NA;0;0;25;1,7;0;0,423;5;NA;54,098;0;0;0,48;0;0,9;NA;0;NA;1,8;3;1,95;0;NA;0;0;0,15;NA;0;0;NA;1,93;NA;0,3;NA;NA;0;6;3;0,45;0,1;0;875;2,5;NA;NA;NA;0;0,8;NA;0;NA;2,37;0,938;0,1;NA;NA;6;0,2;NA;NA;NA;NA;10;NA;NA;NA;NA;NA;NA;;NA;1,8;NA;NA;NA;NA;NA;NA;NA;NA;2,5;NA;0;1,5;NA;NA;;NA;0;NA;NA;NA;NA;;NA;NA
2012;0;0,68;0,193;0;0;2,234;0,85;0;1;0,25;0;8;1,8;175;15;0;38;0;110;0;33;10;5,5;0;3;0,65;NA;0;1,2;0,75;6,61;0;NA;0;0,13;2,25;3;13;0,35;1;0;2;0;NA;0,3;0,65;1,8;4,5;5;0;4;17;30;9,9;0;62,698;5;0;3,282;0;0,15;1,7;0;2,2;12;7,73;0;0;2,5;5,244;0;1,885;0;0,547;2;NA;NA;8;1,8;0,7;1,5;0;12;3,529;;1,2;0;3;0,8;9,5;0;0,4;0,3;25;22;2,648;7;3,366;3,5;0,8;NA;0;0;0;0,676;0;575;1,836;575;NA;0;36;1,788;0,6;2;0;40;0,5;0;12;0,092;9,56;16;0;17;8,891;2,524;11;0,394;4,5;0;0,95;NA;0;0,1;14,948;1,9;0;3,6;7,55;7,5;0,464;9;2,3;9,5;7,35;1,5;1,5;1,1;0,5;1,095;6,6;6,75;0;6,75;0,059;5;0,2;0,375;0;1,2;NA;0,28;3,4;NA;3;1,2;NA;NA;0,5;NA;1,992;NA;1,4;1,2;NA;3,2;4,5;20;1,8;0,12;3,2;1,9;0,6;0,2;10;1,2;NA;0,05;25;0,02;2,57;3,5;0;6,25;2,2;1,5;2,2;;0,568;NA;0,79;0;27;1,8;0;0,423;2,5;NA;137,705;0;NA;0,53;0;1;NA;0;NA;1,7;3,2;2,05;0,9;NA;0;0;0,2;NA;NA;0;NA;1,95;NA;0;NA;NA;NA;10;7,5;0,55;0,15;15;625;2,5;NA;NA;NA;NA;0;NA;0;NA;0,79;1,04;0,15;NA;NA;6;0,9;NA;NA;NA;NA;0;0;NA;NA;NA;NA;NA;;NA;NA;NA;NA;NA;NA;NA;NA;NA;NA;NA;NA;0;2,5;NA;NA;;NA;0;NA;NA;NA;NA;;NA;NA
2013;0;0,7;0,141;0;0;2,413;0,95;0;1,2;0,27;0;8;2;175;0;0;38;0;110;0;33;12;5,5;0;3,25;0,65;NA;0;1,4;0,35;12,425;0,221;NA;0;0,141;2,25;3;15;0,4;0;0;2,2;0;NA;0,35;1,3;1,8;4,75;6,5;0;4,4;18;65;14,5;8;62,698;0;0;3,083;0;0,1;1,8;0;3,2;14;5,5;0;0;3,5;5,244;0;0,942;0;1,2;2,25;NA;NA;8,8;1,8;0,75;0,75;0;14;3,529;;1,2;0;7,5;0,8;10;0,75;0,8;0,3;30;22;3;9;4,4;4,5;0,8;NA;0;2,85;0;0,811;0;650;2,295;650;NA;0,36;47;2,185;0,6;4,5;1;40;0,5;2;25;0,656;0;14;0;17;9,385;2,718;11;0,394;4;0;1,1;NA;0;0,2;14,948;2;0;3,8;11;11;0,929;11;2,45;10;7,8;1,5;1,5;1,4;0,65;1,238;7,5;7,5;0;7,5;0,11;5;0,3;0,375;0;1,3;NA;0,35;3,5;NA;3,2;1,6;NA;NA;0,8;NA;1,992;0,1;0,72;1,5;NA;3,2;5,5;20;1,8;NA;3,25;2,05;0,6;0,2;11;6,65;NA;0,05;30;0;2,64;5,85;0;7,25;2,2;1,5;2,2;;0;NA;0,21;0;30;1,8;0;0,423;2;NA;60;0;NA;0,6;2,976;1,3;0;0;NA;2,5;3,2;2,15;1,4;NA;0;0;0,2;NA;0;0;NA;1,97;NA;0;NA;NA;NA;2;8;1;0,25;16,5;625;0;0;NA;NA;NA;0,3;NA;0;NA;1,68;1;0,25;NA;NA;NA;0,55;NA;NA;NA;NA;NA;0;NA;NA;NA;NA;NA;;NA;NA;NA;NA;NA;NA;NA;NA;NA;NA;NA;NA;NA;3,5;NA;NA;;NA;0;NA;NA;NA;NA;;NA;NA
2014;0;0,55;0,223;0;0;2,413;1,2;NA;1,3;0,3;0;8;2,1;175;15;0;38;NA;110;0;34;22;5,5;0;3,25;0,65;0;0;1,6;0,85;12,425;0;NA;0;0,163;2,5;3;15;0,45;0;0;2,75;0;NA;0,4;4,5;1,8;5;6,5;0;4,9;23;68;15,5;8;62,698;0;0;3,083;0;0,05;1,8;0;3,2;16;5,8;0;0;4,5;5,681;0;0,942;0;1,3;2,5;NA;NA;9;1,8;0,77;0,85;0;16;3,627;;1,6;0;7,5;0,8;11;1,25;1,1;0,36;35;22;3;10;5;6,5;0,8;0;0;3,1;0;1,014;0;725;2,754;725;NA;0,4;50;2,483;0,6;5;1;40;0,5;2;12;0,656;12,5;15;0;17;9,385;2,136;11;0;4,5;0;1,15;NA;0;0,25;14,948;2,7;0;3,8;11;12;1,45;11;2,6;11;8;1,5;1,5;1,5;0,65;1,238;8,3;7,5;0;7,5;0,11;5;0,3;0,375;0;1,55;0,6;0,4;3,6;NA;3,7;1,9;NA;NA;1,4;3,3;2,316;1,3;1,8;1,5;NA;3,2;6,5;20;1,8;NA;3,25;2,2;1;0,3;12;2,3;NA;0,05;40;0;2,27;7;0;8,5;3,2;1,5;3,2;;0,568;NA;0,262;0;30;1,8;0;0,423;0;NA;60;0;NA;0,7;3,175;1,6;0;0;NA;NA;3,5;2,2;2,32;NA;0;0;NA;NA;0,392;0;NA;2;NA;0;NA;NA;NA;NA;7,25;1,4;0,5;18,5;625;2,5;0;NA;NA;NA;0,45;2,75;0;1,5;2,81;1,2;0,75;NA;NA;NA;1;NA;NA;NA;NA;NA;0;NA;NA;NA;0;NA;;NA;NA;NA;NA;NA;NA;NA;NA;NA;NA;NA;NA;NA;3;NA;NA;;NA;0;NA;NA;NA;NA;;NA;NA
2015;0;0,74;0,345;0,3;0;2,7;1,3;NA;1,5;0,3;0;8;2,4;175;15;0;38;NA;110;0;35;23;5,75;0;3,25;0,6;NA;0;1,9;0,9;12,425;0;NA;0;0,139;2,75;3;15;0,45;0;0;3,5;0;NA;0,45;4,5;1,2;5;5,5;0;NA;25;68;14,5;8;65,613;0;0;3,083;0;0,05;1,8;2,8;3,3;17;6;0;0;4,5;6,118;0;0,942;0;1,35;2,75;NA;NA;12;1,8;0,77;1,5;0;16;3,672;;1,6;0;0;1;11;1,25;1,1;0;0;22;3;10;5,25;6,5;0,4;0;0;3,35;0;1,014;0;800;3,213;800;NA;0,4;54;2,185;0,6;6;1,4;40;NA;0;12;0,675;10;13;0;17;9,879;2,2;11;0;4,5;0;1,3;NA;0;0,25;14,948;6,2;0;4,9;11;19;1,692;12;2,7;11;8,1;1,75;1;1,8;0,65;1,5;8,4;7,5;0;7,5;0,11;6;0,35;0,4;0;1,85;0,7;0,45;3,8;NA;3,7;2,05;NA;NA;1;3,5;2,316;0,2;1,9;1,8;NA;3,6;8,5;20;2;NA;3,3;2,3;1,1;0,6;12;3;NA;0;40;NA;2,38;5;0;10,5;2,7;1,6;2,7;;0,568;NA;0,51;0;33;1,73;0;0,423;0;NA;38,361;0;NA;0,84;3,373;1,9;0,464;0;NA;NA;3,5;2,25;2,9;NA;0;0;NA;NA;0,392;0;NA;2,03;NA;0;NA;NA;NA;NA;4,6;1,6;NA;20,5;550;2;0,677;NA;NA;NA;0,3;2,75;0;1,5;1,05;1,6;0,85;0;NA;NA;0;3;3;NA;NA;NA;0;NA;NA;NA;0;NA;;NA;NA;NA;NA;NA;NA;NA;NA;NA;NA;NA;NA;NA;4;0;0;;NA;0;NA;NA;NA;NA;;NA;NA
2016;0;0,76;0,203;0,3;NA;3;1,6;NA;0;0,3;0;8;2,4;175;15;41;38;NA;110;0;35;24;5,75;0;3,75;0,65;NA;0;2,25;1;12,425;0;NA;0;0,122;2,75;4;15;0,8;0,2;0,47;3,75;0;NA;0,5;6,5;1;5,2;5;0;NA;0;70;4,19;8;65,613;0;0;3,083;0;0,05;1,8;4;3,3;19;6,2;NA;0;5;6,118;0;1;0;1,35;2,75;NA;NA;16;1,8;0,77;2;0;16;3,672;;1,6;0;0;1,2;12;1,7;1,2;0;0;22;3,3;10;5,5;0;0,8;0;0;4,45;NA;1,352;0;880;4,131;880;NA;0,45;56;2,682;0,6;6,5;1,5;40;NA;0;12;0,675;11;16;0;17;9,879;2,2;13;0;4,5;0;4,5;NA;0;0,25;14,948;6,4;0;5,9;11,5;17;0;12;2,75;5;8,2;1,75;1;2;0,65;2;10;6,75;0;6,75;0,11;7;0,35;0,425;0;2;0,8;0,55;4,2;NA;3,8;2,1;NA;NA;1,25;3,6;2,547;0;2;2;NA;3,8;11;20;2,1;NA;3,35;2,4;1,2;1;12;3,3;NA;NA;35;NA;2,44;5,5;0;15;5;1,7;5;;0,568;NA;0,556;NA;36;0;0;0,423;NA;NA;70;0;NA;0,84;3,572;2,1;0,464;0;NA;NA;3,5;2,3;2,75;NA;0;0;NA;NA;0,392;0;NA;2,09;NA;0;NA;NA;NA;NA;4,85;1,7;NA;23;750;2;1,036;NA;NA;NA;NA;2,75;0;1,75;0;1,6;0,6;0;NA;NA;0,95;3,33;3;1,334;4;NA;0;NA;2,35;NA;0;NA;;NA;NA;NA;NA;NA;NA;NA;NA;NA;NA;NA;NA;NA;4,5;0;0;;NA;0;NA;NA;NA;NA;;NA;NA
2017;0;0,78;0,223;0,3;NA;3,15;1,85;NA;NA;0,35;0;9;2,5;200;15;4;40;NA;150;0;35;24;6,25;0;4,25;0,65;NA;0;2,75;1,15;12,5;0;NA;0;0;2,9;6;16;0,45;0,2;0,5;3,75;0;NA;0,55;6,5;1,5;5,6;6,5;0,12;NA;NA;75;20;38;67,543;0;0;3,1;0;0,05;1,85;4;3,3;19;6,6;NA;0;5;6,992;0;1,1;0;1,4;3;NA;NA;16,5;1,8;0,9;2;0;0;3,771;;1,8;0;NA;0;14;2,6;1,5;0,7;0;22;4,2;7;5;6,5;0,8;0;0;3,55;NA;1,352;NA;930;4,773;930;NA;0,5;58;2,98;0,9;6,5;0;45;NA;0,5;15;0,25;16;20;0;18;9,879;3;15;0;4,5;3,54;1,65;NA;0,582;0,25;17,439;6,5;0;10;12;18,5;0;14;2,8;0;8,3;2;1;2;0,65;2;10,4;7,5;NA;7,5;0,11;7;0,1;0,475;0;2,1;0,9;0,65;4,6;NA;4;2,3;NA;NA;1,1;3,8;2,75;0;2;2,4;NA;4;13,5;22;2,4;NA;3,4;2,5;1,4;1,3;12;3,6;NA;NA;35;NA;2,5;5,75;0;19;4;2;4;;0,6;NA;0,608;NA;36;NA;0;0;NA;NA;70;0;NA;0,87;3,6;2,25;0,464;0;NA;NA;3,5;2,35;3,3;NA;0;0;NA;0;0,394;0;NA;2,17;NA;0;1,544;NA;NA;NA;5;1,8;NA;25,5;835;2;1,382;NA;NA;NA;NA;2,75;0;1,9;0;1,68;0,65;0;NA;NA;0,5;4;4;2,074;4;NA;0;NA;2,35;NA;0;1,65;;0;NA;NA;NA;NA;NA;NA;NA;NA;NA;NA;NA;NA;5,5;0;0;;NA;0;NA;NA;NA;NA;;NA;NA
2018;0;0,8;0;0,3;NA;3,35;2,05;NA;NA;1;0;9;2,5;220;15;4,2;40;NA;110;0;35;20;6,5;0;5;1,8;NA;0;3;1,25;12,5;0,2;NA;0;0;3,4;6;17;0,45;0,1;0;0;0;NA;0,55;3,6;1;6;8;0;NA;NA;78;24;8;67,543;0;0;3,1;0;0,2;1,85;6;3,5;21;8;NA;0;5;5,5;0;1,1;0;1,4;2;NA;NA;22;NA;1;2;0;NA;3,8;;1,8;0;NA;NA;14;1,5;1,2;1;0;22;4,5;6;3,9;6,5;0,8;0;0,968;3,75;NA;1,352;NA;1000;4,773;1000;NA;0,55;60;3;1;7;0;40;NA;0,25;12;0,262;18;22;0;19;9,879;3;15;0;4,5;3,777;1,85;NA;0,97;0,3;15,944;6,9;0,28;9;12,5;19,75;0;15;2,85;0;8,7;2,1;0,75;2;0;2;10,8;8;NA;8;0,372;7;0,1;0,525;0;2,1;1;0,75;4,8;NA;0;2,6;NA;NA;2,5;3,9;2,75;0;0,5;2,6;NA;4,4;16,5;22;2,8;NA;3,5;2,5;1,5;1,4;13;4;NA;NA;40;NA;2,56;6;0;22;4;2,1;4;;0,6;NA;0,668;NA;36;NA;0;0;NA;NA;70;0;NA;0,98;3,6;1,6;0,498;0;NA;NA;3,5;2,45;3,05;NA;0;1;NA;0;0,493;0;NA;2,24;0;0;1,7;NA;NA;NA;5,6;1,9;NA;28;2445;0;1,629;NA;NA;NA;NA;2,8;3,59;2;0;1,88;0,7;0;NA;NA;0,8;4,2;5;2,5;4;NA;0;0;2,35;NA;0;1,7;;0;NA;2,3;0;0;0;NA;NA;0,35;0;NA;NA;NA;5,5;0;0;;NA;0;NA;NA;NA;NA;;NA;NA
2019;0;0,8;0;0;NA;3,35;2,3;NA;NA;1;0;10;2,5;220;15;2,7;46;NA;110;0;35;0;6,75;NA;7,5;0;NA;0;3,25;1,25;0;0,22;1,2;0;0;3,75;NA;10;0;0;0;NA;0;NA;0,6;0;0;6,4;8;0;NA;NA;80;26;0;70;0;0;3,1;0;0;1,85;6;3,6;23;8,4;NA;0;4,5;5,5;0;4;0;0;2;NA;NA;22,5;NA;1,3;2,5;30;NA;3,8;;2,2;30;NA;NA;7,5;1,5;1;1,5;0;22;2;6;3,7;5;0;0;0;3,75;NA;0;NA;1750;4,91;1750;NA;3;62;1,5;1;0;0;40;NA;0;12;0,139;42;18;0;20;0;3;15;0;3,5;0;1,9;NA;1,1;0,3;16;0;0;12;0;20;0,5;16;2,95;0;9;2,2;0,75;2;0;2;11,3;5,5;NA;5,5;0;8;0,1;0,575;0;2,25;1,1;0,85;5;NA;0;2,9;NA;NA;1,6;0;2,75;0;0,75;0;NA;5;15;25;0;NA;3,6;2,5;1,5;0,55;15;4,5;NA;NA;42;NA;2,63;4;0;25,5;4;2,2;4;;0,6;NA;0,73;NA;36;NA;0;0;NA;NA;17;0;NA;1,02;0;0;0;0;NA;NA;4;2,7;3,4;NA;0;1;NA;0;0,493;0;NA;2,32;0;0;2;NA;NA;NA;5,9;2;NA;44;0;0;0;NA;NA;NA;NA;2,8;0;1,8;0;1,88;0,686;0;NA;NA;0,7;4,4;6;2;4;NA;0;0;2,35;NA;0;1,8;;0;NA;3,15;0;0;0;1;0;0,38;0;NA;NA;NA;5,5;0;0;;0,21;0;NA;NA;NA;NA;;NA;NA
2020;0;0,8;0;0,5;NA;3,35;2,5;NA;NA;0,35;0;10;2,5;220;15;1,35;40;NA;110;0;35;0;6,75;NA;7,5;1,8;NA;0;3,75;0,75;0;0,25;0,85;0;0;3,75;NA;8;0;0;0;NA;0;NA;0,65;0;0;6,4;6,5;0,554;NA;NA;80;22;0;70;0;0;3,1;0;0;1,2;3;3,6;20;8,8;NA;0;0;6,5;0;4;0;NA;1;NA;NA;27;NA;1,3;3;0;NA;3,35;;2,4;0;NA;NA;0;0;1,3;1;0;22;4,4;6;2,4;2;1,6;0;0;3,75;NA;0;NA;1100;4,975;1100;NA;0;64;3;1,5;0;0;40;NA;0;12;0,1;60;16;0;20;0;3,2;7;0;0;0;1,95;NA;1,1;0,3;16;0;0;13;12,5;17;0,75;10,5;3;0;9,1;2,3;0,75;2;0;2;11,4;3,5;NA;3,5;0;9;0,1;0,575;NA;2,25;1,1;0,9;5;NA;0;0;NA;NA;1,3;2,3;3;2,17;0;0;NA;5;21;25;0;NA;3,65;3,5;1,75;0,2;16;4;NA;NA;40;NA;NA;4,5;0;27,5;4;2,2;4;;0,56;NA;0,794;NA;36;NA;0;0;NA;NA;17;0;NA;1,23;3,6;0;0;0;NA;NA;4;2,75;3,6;NA;0;1;NA;0;0,544;0;NA;2,33;0;0,3;2;NA;NA;NA;5,9;1;NA;44;NA;0;0;NA;NA;NA;NA;3;0;1,8;0;0;0,341;0;NA;NA;1,25;NA;6;2,189;4,5;NA;0;0;2,5;NA;0;1,8;;0;NA;2;0;0;0;0;0,1;0,42;0;NA;NA;NA;4;0;0;;0,3;0;0;0;0;NA;;NA;NA
2021;0;0,82;0;1;NA;3,45;2,9;NA;NA;0,35;0;NA;2,5;220;15;2;42,5;NA;115;0;35;11;7;NA;8,5;1,3;NA;0;4,3;1;3;0,3;0,9;0;0;4,5;NA;15;0,2;0;0;NA;0;NA;0,7;1,5;1;7;9,5;NA;NA;NA;80;28;0;70;0;0;3,1;0;0,24;NA;3,4;3,7;25;9,2;NA;0;4;7;2;2,7;0;NA;2;NA;NA;31;NA;1,3;0,7;3;NA;1,675;;2,6;3;NA;NA;3;8;3,5;0;0;22;5,1;6,5;3,8;9;1;NA;0;3,85;NA;0;NA;1200;5;1200;NA;0,4;66;3,3;2,2;4,5;0,95;40;NA;0;12;0,1;60;21;0;22;9,879;4,2;35;0;3,2;0;2,05;NA;1,1;0,36;17;0;0;14;12,5;21;3;12,5;3,1;NA;9,3;2,8;0,85;2;0;2,2;12,5;5,5;NA;5,5;1;9;0,1;0,675;NA;3;1,1;1;5,5;NA;0;3,2;NA;NA;2;2,7;3;NA;0;0;NA;5;25;25;0;NA;3,75;1,9;2,6;1,16;18;4,3;NA;NA;42;NA;NA;10;NA;33;4;2,3;4;;0,84;NA;0,875;NA;NA;NA;0;0;NA;NA;30;0;NA;1,57;3,6;0;0,4;0;NA;NA;3,5;2,8;3,85;NA;0;1;NA;0;0,55;0;NA;2,4;0;0,33;2,2;NA;NA;NA;5,9;2;NA;37,5;NA;1;0;NA;NA;NA;NA;3,1;NA;2,2;0;0;0,465;0;NA;NA;1,8;NA;7;2,6;5,5;NA;0;NA;2,5;NA;0;2,1;;0;NA;2,1;0;0;0;0;0,2;0,45;0;NA;NA;NA;5;0,54;NA;;0,33;0;0;0;0;0,3;;NA;0,5
2022;NA;NA;NA;NA;NA;NA;NA;NA;NA;NA;NA;NA;NA;NA;NA;NA;NA;NA;NA;NA;NA;NA;NA;NA;NA;NA;NA;NA;NA;NA;NA;NA;NA;NA;0;NA;NA;NA;NA;NA;NA;NA;NA;NA;NA;NA;NA;NA;NA;NA;NA;NA;NA;NA;NA;NA;NA;NA;NA;NA;NA;NA;NA;NA;NA;NA;NA;NA;NA;NA;NA;NA;NA;NA;2;NA;NA;NA;NA;NA;NA;4;NA;NA;;NA;4;NA;NA;NA;NA;NA;NA;NA;NA;NA;7,5;NA;NA;NA;NA;NA;NA;NA;NA;NA;NA;NA;NA;NA;NA;NA;NA;NA;NA;NA;NA;NA;0;NA;NA;NA;NA;NA;NA;NA;NA;NA;NA;NA;NA;NA;NA;NA;NA;NA;NA;NA;NA;NA;NA;NA;11,5;NA;NA;NA;NA;NA;NA;NA;NA;NA;NA;NA;NA;NA;NA;NA;NA;NA;NA;NA;NA;NA;NA;NA;4,4;NA;NA;NA;NA;NA;NA;NA;NA;NA;NA;NA;NA;NA;NA;NA;NA;NA;0,6;NA;NA;NA;NA;50;NA;NA;NA;NA;NA;NA;NA;NA;;NA;NA;0,962;NA;NA;NA;NA;NA;NA;NA;NA;NA;NA;NA;NA;NA;NA;NA;NA;NA;NA;NA;NA;NA;NA;1;NA;NA;NA;NA;NA;NA;NA;NA;NA;NA;NA;NA;NA;2,25;NA;NA;NA;NA;NA;NA;NA;NA;NA;NA;NA;NA;NA;NA;NA;NA;NA;NA;NA;NA;NA;2;NA;NA;NA;NA;NA;NA;NA;NA;;NA;NA;2,15;NA;NA;NA;0;NA;NA;NA;NA;NA;NA;NA;NA;NA;;NA;NA;NA;NA;NA;NA;;NA;NA